Date,France,Germany,Italy,Japan,Korea,Spain,UK,Euro Area
Jan-1980,85.57 ,59.47 ,99.02 ,64.53 ,6.63 ,87.02 ,..,66.31 
Feb-1980,86.78 ,59.66 ,106.65 ,71.41 ,6.35 ,86.77 ,..,69.91 
Mar-1980,87.18 ,64.02 ,105.77 ,75.99 ,7.11 ,87.91 ,..,71.31 
Apr-1980,85.97 ,60.52 ,107.72 ,74.80 ,7.03 ,83.72 ,..,70.12 
May-1980,82.02 ,59.04 ,101.37 ,72.00 ,7.19 ,88.16 ,..,67.24 
Jun-1980,82.42 ,58.80 ,104.60 ,73.36 ,7.00 ,84.36 ,..,67.80 
Jul-1980,74.02 ,56.77 ,98.73 ,73.62 ,7.00 ,83.98 ,..,62.32 
Aug-1980,54.57 ,53.09 ,48.09 ,65.97 ,6.92 ,50.49 ,..,51.07 
Sep-1980,78.54 ,60.03 ,101.86 ,72.34 ,6.69 ,85.88 ,..,67.74 
Oct-1980,81.29 ,63.77 ,101.27 ,72.17 ,7.24 ,93.24 ,..,69.88 
Nov-1980,83.39 ,61.81 ,105.38 ,70.64 ,7.24 ,88.93 ,..,71.02 
Dec-1980,81.21 ,58.61 ,92.67 ,73.11 ,7.47 ,84.36 ,..,65.15 
Jan-1981,83.47 ,55.79 ,96.29 ,64.70 ,7.07 ,82.46 ,..,63.42 
Feb-1981,85.97 ,57.63 ,103.33 ,69.03 ,6.48 ,83.98 ,..,68.55 
Mar-1981,83.71 ,62.42 ,103.33 ,75.40 ,7.70 ,88.54 ,..,69.08 
Apr-1981,82.42 ,58.68 ,101.37 ,73.02 ,7.95 ,83.60 ,..,67.99 
May-1981,81.69 ,57.57 ,105.57 ,69.62 ,8.17 ,86.52 ,..,67.06 
Jun-1981,82.02 ,57.26 ,101.66 ,73.62 ,8.27 ,86.52 ,..,66.39 
Jul-1981,72.73 ,55.73 ,98.24 ,74.63 ,7.95 ,88.29 ,..,62.07 
Aug-1981,53.60 ,51.99 ,40.76 ,68.27 ,8.14 ,48.71 ,..,48.79 
Sep-1981,78.95 ,60.95 ,103.42 ,75.23 ,7.93 ,84.36 ,..,68.41 
Oct-1981,81.61 ,64.20 ,102.64 ,75.14 ,8.36 ,89.94 ,..,70.70 
Nov-1981,84.44 ,61.81 ,104.01 ,74.29 ,8.14 ,88.16 ,..,70.34 
Dec-1981,82.26 ,58.49 ,86.32 ,75.57 ,8.33 ,83.98 ,..,63.91 
Jan-1982,83.63 ,55.55 ,98.93 ,66.48 ,7.34 ,79.79 ,..,64.11 
Feb-1982,84.44 ,56.22 ,102.35 ,70.56 ,7.38 ,81.82 ,..,67.32 
Mar-1982,85.08 ,62.54 ,100.10 ,77.95 ,8.08 ,90.07 ,..,68.78 
Apr-1982,83.71 ,58.74 ,101.57 ,74.04 ,8.31 ,82.58 ,..,68.19 
May-1982,81.85 ,57.20 ,98.83 ,70.30 ,8.46 ,86.77 ,..,65.60 
Jun-1982,81.85 ,56.65 ,94.63 ,74.46 ,8.40 ,84.23 ,..,64.47 
Jul-1982,72.09 ,52.05 ,96.78 ,74.72 ,8.29 ,84.99 ,..,60.15 
Aug-1982,52.15 ,50.02 ,40.08 ,68.18 ,8.12 ,47.95 ,..,47.41 
Sep-1982,77.09 ,58.00 ,99.42 ,75.14 ,8.50 ,87.91 ,..,66.35 
Oct-1982,80.80 ,59.78 ,98.34 ,72.09 ,8.44 ,85.75 ,..,67.42 
Nov-1982,82.98 ,57.88 ,97.36 ,73.36 ,8.80 ,88.54 ,..,66.84 
Dec-1982,79.51 ,55.05 ,83.19 ,73.95 ,9.07 ,83.34 ,..,61.06 
Jan-1983,82.50 ,53.40 ,90.13 ,66.31 ,8.52 ,84.36 ,..,61.57 
Feb-1983,84.03 ,53.89 ,97.17 ,70.22 ,7.95 ,83.98 ,..,65.43 
Mar-1983,84.28 ,60.33 ,95.60 ,77.95 ,9.05 ,91.46 ,..,67.46 
Apr-1983,82.34 ,56.71 ,96.97 ,74.29 ,9.28 ,85.25 ,..,66.32 
May-1983,81.21 ,55.73 ,93.35 ,71.83 ,9.66 ,90.07 ,..,64.35 
Jun-1983,81.13 ,57.94 ,93.35 ,75.65 ,9.92 ,87.78 ,..,65.31 
Jul-1983,72.17 ,52.42 ,94.63 ,76.33 ,9.75 ,83.47 ,..,60.10 
Aug-1983,53.36 ,50.64 ,41.25 ,72.09 ,9.92 ,50.36 ,..,48.11 
Sep-1983,77.90 ,59.84 ,97.95 ,78.88 ,9.79 ,88.54 ,..,67.59 
Oct-1983,80.32 ,62.17 ,97.85 ,77.18 ,10.15 ,87.66 ,..,69.09 
Nov-1983,85.16 ,61.74 ,100.39 ,78.37 ,10.34 ,89.69 ,..,69.86 
Dec-1983,81.45 ,59.41 ,86.71 ,80.32 ,10.51 ,87.40 ,..,65.24 
Jan-1984,85.24 ,56.65 ,91.69 ,72.09 ,9.87 ,87.28 ,..,64.24 
Feb-1984,86.54 ,58.18 ,96.19 ,78.54 ,9.56 ,88.04 ,..,67.61 
Mar-1984,85.81 ,61.87 ,99.42 ,85.16 ,10.91 ,90.70 ,..,69.30 
Apr-1984,82.82 ,57.82 ,96.29 ,81.00 ,11.18 ,82.46 ,..,67.32 
May-1984,83.23 ,57.94 ,100.10 ,79.56 ,11.52 ,90.57 ,..,66.53 
Jun-1984,80.89 ,52.05 ,100.88 ,83.12 ,11.52 ,86.39 ,..,64.08 
Jul-1984,74.51 ,56.16 ,95.02 ,84.48 ,11.22 ,86.64 ,..,62.58 
Aug-1984,55.30 ,52.78 ,46.24 ,78.88 ,11.39 ,53.79 ,..,50.88 
Sep-1984,79.43 ,61.13 ,104.40 ,83.80 ,10.66 ,86.13 ,..,70.39 
Oct-1984,83.23 ,65.67 ,100.59 ,85.16 ,11.37 ,92.48 ,..,71.63 
Nov-1984,84.76 ,63.77 ,100.59 ,85.33 ,11.35 ,91.08 ,..,71.51 
Dec-1984,80.40 ,60.89 ,89.44 ,85.93 ,11.58 ,83.34 ,..,67.03 
Jan-1985,82.05 ,58.55 ,89.25 ,77.27 ,10.55 ,89.43 ,..,67.19 
Feb-1985,81.22 ,59.04 ,101.78 ,82.02 ,10.02 ,85.37 ,..,69.89 
Mar-1985,85.29 ,64.69 ,102.07 ,88.56 ,11.44 ,89.94 ,..,72.75 
Apr-1985,82.79 ,60.82 ,97.39 ,86.18 ,11.60 ,85.63 ,..,69.95 
May-1985,79.01 ,60.27 ,99.54 ,84.14 ,11.79 ,91.46 ,..,67.17 
Jun-1985,80.95 ,60.76 ,102.07 ,85.76 ,11.52 ,84.49 ,..,68.43 
Jul-1985,75.96 ,59.72 ,95.89 ,88.64 ,11.67 ,90.32 ,..,63.89 
Aug-1985,55.53 ,54.50 ,42.94 ,80.66 ,11.54 ,52.90 ,..,54.14 
Sep-1985,79.37 ,63.52 ,101.32 ,86.18 ,11.54 ,89.05 ,..,69.95 
Oct-1985,89.72 ,68.62 ,98.60 ,86.35 ,11.82 ,99.83 ,..,74.89 
Nov-1985,87.23 ,66.90 ,103.47 ,86.01 ,11.94 ,93.75 ,..,75.72 
Dec-1985,85.38 ,61.31 ,88.22 ,87.20 ,12.55 ,87.02 ,..,69.56 
Jan-1986,85.01 ,60.15 ,95.14 ,77.52 ,12.34 ,89.18 ,..,68.56 
Feb-1986,82.61 ,61.13 ,103.75 ,82.62 ,11.67 ,88.80 ,..,72.09 
Mar-1986,85.20 ,65.43 ,106.28 ,89.58 ,13.36 ,88.42 ,..,73.57 
Apr-1986,88.89 ,64.32 ,103.75 ,85.93 ,13.82 ,95.40 ,..,73.52 
May-1986,79.93 ,60.64 ,101.88 ,83.12 ,14.22 ,92.10 ,..,67.67 
Jun-1986,84.73 ,62.60 ,105.90 ,86.18 ,14.14 ,93.37 ,..,70.95 
Jul-1986,78.27 ,60.95 ,101.13 ,88.05 ,14.24 ,94.51 ,..,65.44 
Aug-1986,56.18 ,55.55 ,42.66 ,78.62 ,14.05 ,50.87 ,..,55.14 
Sep-1986,83.26 ,64.63 ,104.31 ,87.54 ,14.12 ,92.98 ,..,71.92 
Oct-1986,91.11 ,68.74 ,103.19 ,85.93 ,14.77 ,101.23 ,..,75.79 
Nov-1986,86.49 ,66.10 ,105.25 ,84.48 ,14.77 ,95.78 ,..,74.98 
Dec-1986,87.32 ,62.05 ,95.42 ,87.71 ,15.40 ,88.80 ,..,70.50 
Jan-1987,83.53 ,58.74 ,94.96 ,77.95 ,14.09 ,88.42 ,..,68.26 
Feb-1987,83.63 ,61.13 ,106.09 ,82.19 ,14.41 ,92.73 ,..,72.60 
Mar-1987,90.56 ,66.10 ,108.33 ,91.02 ,16.39 ,97.55 ,..,74.97 
Apr-1987,86.58 ,63.34 ,105.62 ,86.27 ,16.60 ,92.22 ,..,72.89 
May-1987,81.32 ,62.36 ,110.20 ,82.11 ,17.22 ,97.17 ,..,70.38 
Jun-1987,87.78 ,62.17 ,107.02 ,88.56 ,17.47 ,98.19 ,..,71.97 
Jul-1987,79.10 ,59.41 ,102.72 ,91.53 ,17.24 ,103.89 ,..,65.97 
Aug-1987,57.29 ,56.40 ,43.22 ,82.45 ,14.77 ,53.53 ,..,56.28 
Sep-1987,85.20 ,65.06 ,106.93 ,91.53 ,17.20 ,99.20 ,..,72.81 
Oct-1987,90.93 ,69.48 ,109.18 ,92.38 ,16.86 ,103.01 ,..,76.94 
Nov-1987,89.91 ,67.58 ,109.83 ,91.62 ,18.08 ,101.99 ,..,77.18 
Dec-1987,90.46 ,63.40 ,95.24 ,94.76 ,18.61 ,92.98 ,..,71.88 
Jan-1988,86.31 ,60.52 ,106.93 ,84.56 ,18.12 ,91.08 ,..,70.21 
Feb-1988,88.71 ,62.79 ,111.23 ,92.34 ,17.15 ,97.42 ,..,73.94 
Mar-1988,95.64 ,68.68 ,111.89 ,101.55 ,19.12 ,104.40 ,..,78.05 
Apr-1988,87.41 ,64.08 ,113.48 ,95.72 ,17.89 ,95.90 ,..,74.16 
May-1988,85.66 ,63.22 ,110.49 ,90.50 ,18.25 ,102.12 ,..,72.22 
Jun-1988,91.48 ,65.49 ,113.01 ,97.15 ,18.48 ,101.23 ,..,75.04 
Jul-1988,79.01 ,60.33 ,111.23 ,97.97 ,19.09 ,100.47 ,..,67.57 
Aug-1988,61.54 ,60.15 ,49.86 ,90.19 ,19.16 ,56.83 ,..,59.63 
Sep-1988,87.78 ,68.31 ,114.23 ,99.91 ,18.71 ,101.74 ,..,76.38 
Oct-1988,91.39 ,71.69 ,114.98 ,98.07 ,19.73 ,101.86 ,..,79.13 
Nov-1988,93.24 ,70.34 ,117.78 ,99.81 ,19.88 ,106.81 ,..,79.88 
Dec-1988,93.97 ,66.78 ,106.93 ,102.06 ,19.77 ,95.40 ,..,75.73 
Jan-1989,92.68 ,64.38 ,108.24 ,91.42 ,18.48 ,101.61 ,..,74.82 
Feb-1989,89.17 ,64.94 ,118.34 ,96.02 ,16.94 ,99.58 ,..,76.93 
Mar-1989,95.45 ,71.13 ,115.63 ,111.38 ,19.56 ,104.40 ,..,80.44 
Apr-1989,92.03 ,69.29 ,117.50 ,100.83 ,18.29 ,103.01 ,..,79.18 
May-1989,88.34 ,64.26 ,113.95 ,96.74 ,19.45 ,105.67 ,..,74.08 
Jun-1989,95.36 ,69.36 ,117.50 ,104.52 ,19.54 ,108.71 ,..,79.61 
Jul-1989,82.05 ,64.87 ,114.98 ,103.29 ,19.77 ,105.54 ,..,71.75 
Aug-1989,64.59 ,62.24 ,53.61 ,95.82 ,20.30 ,60.64 ,..,61.92 
Sep-1989,89.08 ,71.20 ,119.75 ,104.21 ,19.24 ,105.92 ,..,79.53 
Oct-1989,97.67 ,75.80 ,119.00 ,103.09 ,20.02 ,108.33 ,..,83.34 
Nov-1989,97.58 ,73.59 ,121.34 ,103.50 ,20.55 ,109.86 ,..,83.18 
Dec-1989,94.25 ,69.85 ,112.17 ,105.54 ,20.42 ,93.62 ,..,78.25 
Jan-1990,92.62 ,68.07 ,111.59 ,93.16 ,18.51 ,105.92 ,..,78.21 
Feb-1990,90.14 ,68.25 ,112.29 ,99.09 ,19.44 ,99.71 ,..,79.76 
Mar-1990,99.12 ,75.68 ,124.19 ,112.40 ,21.49 ,109.48 ,..,84.98 
Apr-1990,91.13 ,69.29 ,108.29 ,103.80 ,21.01 ,96.92 ,..,80.69 
May-1990,89.67 ,70.58 ,121.59 ,100.43 ,20.72 ,108.08 ,..,79.86 
Jun-1990,95.95 ,71.01 ,116.59 ,107.59 ,20.93 ,108.08 ,..,82.22 
Jul-1990,89.58 ,68.43 ,120.19 ,110.15 ,21.09 ,105.29 ,..,76.81 
Aug-1990,66.79 ,65.98 ,56.40 ,100.43 ,21.33 ,60.38 ,..,59.77 
Sep-1990,91.78 ,75.12 ,114.19 ,109.02 ,22.33 ,103.39 ,..,83.57 
Oct-1990,100.79 ,80.46 ,125.49 ,111.07 ,20.82 ,106.69 ,..,86.95 
Nov-1990,95.42 ,77.70 ,115.29 ,109.43 ,22.67 ,110.11 ,..,85.20 
Dec-1990,90.98 ,72.79 ,97.29 ,111.07 ,22.88 ,93.24 ,..,79.31 
Jan-1991,94.06 ,72.61 ,113.49 ,99.50 ,22.25 ,104.66 ,..,79.80 
Feb-1991,90.58 ,70.81 ,109.79 ,105.54 ,19.74 ,99.83 ,..,80.10 
Mar-1991,95.89 ,75.21 ,116.69 ,116.19 ,22.87 ,97.68 ,..,87.30 
Apr-1991,92.06 ,77.11 ,107.59 ,107.69 ,23.34 ,103.13 ,..,80.10 
May-1991,86.46 ,70.81 ,119.79 ,104.72 ,23.39 ,104.91 ,..,80.40 
Jun-1991,96.08 ,77.81 ,113.69 ,108.41 ,22.09 ,103.26 ,..,85.50 
Jul-1991,90.57 ,73.61 ,122.29 ,113.12 ,23.13 ,105.42 ,..,80.20 
Aug-1991,65.22 ,65.71 ,51.00 ,99.91 ,23.25 ,59.50 ,..,59.20 
Sep-1991,93.05 ,76.41 ,117.79 ,109.74 ,22.93 ,103.77 ,..,84.70 
Oct-1991,100.65 ,80.81 ,124.39 ,109.23 ,24.91 ,112.77 ,..,87.30 
Nov-1991,94.03 ,77.11 ,116.19 ,108.82 ,24.99 ,107.07 ,..,87.40 
Dec-1991,94.16 ,70.21 ,98.19 ,108.61 ,24.72 ,96.16 ,..,78.80 
Jan-1992,93.64 ,70.71 ,108.29 ,96.02 ,23.91 ,101.23 ,..,79.40 
Feb-1992,90.12 ,73.21 ,113.39 ,101.45 ,22.25 ,101.99 ,..,81.20 
Mar-1992,98.64 ,79.21 ,122.99 ,110.56 ,25.16 ,105.16 ,..,87.60 
Apr-1992,92.45 ,74.81 ,112.89 ,101.65 ,25.50 ,99.20 ,..,81.30 
May-1992,84.48 ,70.91 ,113.69 ,95.82 ,24.75 ,101.23 ,..,81.40 
Jun-1992,96.85 ,75.21 ,121.09 ,104.11 ,24.79 ,103.77 ,..,83.80 
Jul-1992,88.21 ,71.31 ,122.49 ,106.57 ,24.96 ,105.42 ,..,79.80 
Aug-1992,64.05 ,62.91 ,47.80 ,92.24 ,23.62 ,59.37 ,..,57.00 
Sep-1992,93.09 ,77.61 ,114.79 ,105.54 ,23.45 ,99.71 ,..,82.10 
Oct-1992,96.87 ,77.91 ,118.09 ,102.57 ,25.41 ,101.61 ,..,85.00 
Nov-1992,91.54 ,74.11 ,116.29 ,100.02 ,24.90 ,98.19 ,..,83.10 
Dec-1992,93.56 ,68.11 ,96.89 ,100.63 ,25.19 ,87.53 ,..,74.00 
Jan-1993,85.20 ,59.20 ,98.49 ,89.88 ,22.62 ,88.93 ,..,74.50 
Feb-1993,85.94 ,62.91 ,108.79 ,97.35 ,23.46 ,91.08 ,..,75.20 
Mar-1993,95.77 ,74.71 ,122.69 ,110.66 ,26.03 ,98.95 ,..,81.90 
Apr-1993,87.53 ,66.71 ,108.59 ,98.48 ,25.88 ,91.08 ,..,75.40 
May-1993,81.26 ,63.81 ,112.89 ,92.24 ,25.18 ,96.16 ,..,76.10 
Jun-1993,94.06 ,70.61 ,116.49 ,100.53 ,25.93 ,97.68 ,..,78.60 
Jul-1993,84.06 ,62.61 ,114.49 ,102.27 ,25.56 ,98.44 ,..,75.50 
Aug-1993,62.88 ,61.11 ,49.60 ,90.09 ,24.41 ,57.34 ,..,54.10 
Sep-1993,90.95 ,73.01 ,115.29 ,101.65 ,25.91 ,98.19 ,..,79.80 
Oct-1993,91.86 ,71.01 ,112.39 ,96.64 ,26.44 ,98.06 ,..,82.20 
Nov-1993,89.98 ,71.01 ,114.79 ,97.97 ,27.51 ,100.47 ,..,81.20 
Dec-1993,93.41 ,68.31 ,102.49 ,97.05 ,28.24 ,92.86 ,..,74.10 
Jan-1994,86.85 ,60.11 ,99.49 ,88.04 ,26.93 ,91.97 ,..,73.60 
Feb-1994,85.41 ,63.91 ,109.59 ,93.36 ,23.88 ,96.03 ,..,76.10 
Mar-1994,96.29 ,75.41 ,124.99 ,109.64 ,28.85 ,104.53 ,..,83.40 
Apr-1994,88.53 ,66.21 ,107.89 ,96.74 ,28.19 ,97.93 ,..,78.60 
May-1994,86.70 ,67.71 ,121.99 ,91.11 ,28.44 ,103.01 ,..,79.20 
Jun-1994,98.72 ,73.31 ,123.99 ,101.35 ,28.88 ,106.43 ,..,83.00 
Jul-1994,86.06 ,64.31 ,119.89 ,103.29 ,27.47 ,103.64 ,..,80.70 
Aug-1994,67.07 ,63.91 ,58.00 ,94.79 ,27.30 ,64.82 ,..,57.70 
Sep-1994,95.07 ,75.61 ,124.39 ,104.32 ,28.03 ,105.80 ,..,84.10 
Oct-1994,96.15 ,72.01 ,120.39 ,101.04 ,30.40 ,105.29 ,..,87.10 
Nov-1994,95.64 ,75.71 ,123.19 ,103.29 ,31.26 ,110.11 ,..,86.70 
Dec-1994,98.64 ,72.11 ,109.59 ,102.57 ,31.66 ,100.85 ,..,80.70 
Jan-1995,94.91 ,64.51 ,114.49 ,91.62 ,29.20 ,105.16 ,..,79.10 
Feb-1995,90.23 ,66.41 ,117.99 ,100.22 ,28.47 ,102.50 ,..,80.40 
Mar-1995,102.72 ,78.01 ,134.49 ,115.88 ,32.83 ,115.06 ,..,88.20 
Apr-1995,90.01 ,65.71 ,108.79 ,102.68 ,32.13 ,98.31 ,..,81.80 
May-1995,90.24 ,72.61 ,129.39 ,96.33 ,32.12 ,113.03 ,..,83.30 
Jun-1995,99.96 ,72.21 ,129.09 ,104.21 ,31.92 ,113.79 ,..,85.90 
Jul-1995,89.24 ,65.91 ,124.39 ,103.80 ,31.51 ,107.19 ,..,83.10 
Aug-1995,68.72 ,64.41 ,66.09 ,96.02 ,30.96 ,67.99 ,..,60.80 
Sep-1995,95.54 ,73.91 ,125.49 ,105.03 ,31.32 ,106.56 ,..,86.60 
Oct-1995,98.42 ,72.01 ,131.19 ,103.29 ,33.48 ,109.10 ,..,87.70 
Nov-1995,96.93 ,75.81 ,127.89 ,104.72 ,33.87 ,111.38 ,..,87.00 
Dec-1995,96.06 ,66.11 ,106.19 ,104.72 ,34.11 ,96.03 ,..,81.20 
Jan-1996,94.61 ,64.81 ,119.89 ,95.31 ,33.22 ,103.64 ,..,78.80 
Feb-1996,93.43 ,66.61 ,124.99 ,103.91 ,30.98 ,103.39 ,..,80.10 
Mar-1996,98.71 ,71.41 ,127.99 ,112.91 ,34.81 ,107.45 ,..,88.20 
Apr-1996,93.36 ,68.71 ,114.29 ,102.68 ,35.54 ,99.20 ,..,80.50 
May-1996,89.50 ,68.81 ,127.09 ,98.68 ,36.08 ,109.48 ,..,82.60 
Jun-1996,98.24 ,69.51 ,120.59 ,103.09 ,33.69 ,107.19 ,..,85.80 
Jul-1996,93.90 ,70.01 ,130.69 ,110.05 ,34.52 ,111.38 ,..,82.50 
Aug-1996,67.91 ,63.21 ,59.40 ,96.84 ,33.13 ,66.98 ,..,61.30 
Sep-1996,95.88 ,74.01 ,121.09 ,108.72 ,33.25 ,105.67 ,..,86.30 
Oct-1996,102.54 ,75.31 ,131.39 ,108.61 ,36.21 ,115.82 ,..,88.20 
Nov-1996,95.59 ,74.71 ,120.79 ,108.51 ,36.42 ,109.60 ,..,87.90 
Dec-1996,98.26 ,65.71 ,104.49 ,108.00 ,36.85 ,97.68 ,..,80.10 
Jan-1997,95.69 ,64.41 ,112.19 ,101.55 ,34.04 ,106.69 ,88.82 ,79.50 
Feb-1997,92.05 ,66.21 ,120.09 ,106.57 ,31.90 ,103.01 ,87.34 ,81.50 
Mar-1997,97.99 ,69.31 ,122.59 ,120.69 ,36.93 ,107.32 ,91.16 ,90.50 
Apr-1997,100.83 ,76.11 ,124.99 ,106.77 ,37.84 ,116.83 ,89.35 ,84.70 
May-1997,91.61 ,65.71 ,127.39 ,105.03 ,36.91 ,112.65 ,86.81 ,84.70 
Jun-1997,103.78 ,77.01 ,128.69 ,110.05 ,36.83 ,115.31 ,88.19 ,89.60 
Jul-1997,97.95 ,75.21 ,137.49 ,114.35 ,36.21 ,120.64 ,90.20 ,87.90 
Aug-1997,71.97 ,62.61 ,61.19 ,100.12 ,35.38 ,72.31 ,81.29 ,64.90 
Sep-1997,103.06 ,78.21 ,132.19 ,113.43 ,36.18 ,116.83 ,92.54 ,90.30 
Oct-1997,110.57 ,79.01 ,140.39 ,110.35 ,38.75 ,126.09 ,98.59 ,94.20 
Nov-1997,99.13 ,76.71 ,128.19 ,105.75 ,37.25 ,116.58 ,94.45 ,92.40 
Dec-1997,106.20 ,70.81 ,114.39 ,107.08 ,36.69 ,107.95 ,93.39 ,85.60 
Jan-1998,100.13 ,67.01 ,116.19 ,98.98 ,31.41 ,111.51 ,91.48 ,84.90 
Feb-1998,98.62 ,70.21 ,124.79 ,101.87 ,32.51 ,115.18 ,92.32 ,87.00 
Mar-1998,108.00 ,81.41 ,135.99 ,115.06 ,34.00 ,122.42 ,102.30 ,95.40 
Apr-1998,102.19 ,74.81 ,126.09 ,99.41 ,33.90 ,113.41 ,93.17 ,88.60 
May-1998,95.51 ,72.21 ,126.99 ,94.15 ,33.12 ,118.86 ,89.03 ,90.00 
Jun-1998,109.66 ,77.21 ,134.59 ,102.73 ,31.90 ,124.95 ,93.81 ,93.00 
Jul-1998,102.54 ,78.21 ,139.09 ,105.20 ,31.32 ,127.62 ,91.48 ,91.70 
Aug-1998,72.99 ,66.01 ,61.99 ,91.47 ,30.98 ,77.25 ,82.88 ,66.80 
Sep-1998,106.69 ,80.51 ,133.99 ,105.20 ,35.77 ,121.02 ,93.39 ,93.30 
Oct-1998,109.45 ,80.81 ,134.99 ,102.52 ,35.40 ,124.83 ,95.93 ,95.80 
Nov-1998,105.50 ,79.61 ,131.39 ,99.62 ,37.79 ,123.18 ,96.46 ,94.10 
Dec-1998,108.19 ,72.31 ,110.99 ,100.26 ,39.10 ,113.03 ,94.55 ,85.20 
Jan-1999,99.32 ,65.11 ,111.59 ,91.58 ,36.72 ,113.92 ,92.22 ,86.30 
Feb-1999,99.23 ,69.41 ,121.79 ,98.01 ,34.26 ,115.06 ,93.70 ,86.60 
Mar-1999,112.59 ,82.71 ,137.89 ,114.63 ,41.05 ,124.83 ,107.39 ,95.40 
Apr-1999,103.15 ,74.71 ,123.09 ,97.69 ,40.27 ,115.95 ,94.45 ,88.50 
May-1999,97.39 ,72.01 ,125.59 ,93.29 ,41.04 ,122.54 ,92.01 ,89.60 
Jun-1999,114.52 ,80.31 ,132.99 ,102.73 ,42.24 ,127.24 ,97.31 ,94.10 
Jul-1999,102.79 ,75.51 ,134.49 ,104.45 ,42.44 ,129.52 ,93.92 ,92.60 
Aug-1999,77.02 ,70.21 ,68.19 ,95.87 ,40.89 ,81.82 ,90.63 ,68.80 
Sep-1999,110.17 ,82.71 ,133.39 ,108.09 ,43.10 ,126.09 ,101.45 ,95.60 
Oct-1999,111.82 ,80.41 ,133.39 ,103.27 ,47.31 ,124.57 ,101.24 ,99.00 
Nov-1999,110.19 ,83.91 ,135.29 ,105.52 ,48.87 ,129.65 ,106.54 ,98.30 
Dec-1999,113.86 ,77.11 ,120.39 ,105.20 ,48.77 ,119.12 ,98.48 ,89.60 
Jan-2000,105.50 ,68.61 ,116.29 ,95.87 ,47.75 ,119.62 ,93.81 ,88.70 
Feb-2000,107.10 ,77.31 ,131.59 ,105.20 ,44.23 ,126.35 ,99.22 ,91.20 
Mar-2000,119.12 ,86.31 ,143.39 ,118.71 ,50.45 ,137.51 ,108.88 ,100.60 
Apr-2000,104.49 ,74.11 ,117.69 ,103.27 ,47.66 ,115.82 ,92.43 ,93.80 
May-2000,109.45 ,86.21 ,139.29 ,99.83 ,50.25 ,134.34 ,98.80 ,96.70 
Jun-2000,114.28 ,79.11 ,138.99 ,109.81 ,49.40 ,133.96 ,100.60 ,98.60 
Jul-2000,105.23 ,78.21 ,134.49 ,109.16 ,49.94 ,129.65 ,93.60 ,97.10 
Aug-2000,83.03 ,77.11 ,73.69 ,103.48 ,50.08 ,87.78 ,95.72 ,75.50 
Sep-2000,111.43 ,85.61 ,135.09 ,111.74 ,48.87 ,126.22 ,99.86 ,100.40 
Oct-2000,117.50 ,84.81 ,139.29 ,109.70 ,52.32 ,128.00 ,103.68 ,102.60 
Nov-2000,115.41 ,89.31 ,138.49 ,110.02 ,51.34 ,134.59 ,107.07 ,102.50 
Dec-2000,111.08 ,78.21 ,116.29 ,109.91 ,50.32 ,113.41 ,98.69 ,95.30 
Jan-2001,112.02 ,77.71 ,127.39 ,98.44 ,45.76 ,125.33 ,104.10 ,93.00 
Feb-2001,108.36 ,78.41 ,130.39 ,104.02 ,46.76 ,122.03 ,101.45 ,95.30 
Mar-2001,121.54 ,88.41 ,143.99 ,116.99 ,51.16 ,132.56 ,112.91 ,104.40 
Apr-2001,107.61 ,77.81 ,119.79 ,100.59 ,49.78 ,115.44 ,99.54 ,95.00 
May-2001,106.70 ,83.41 ,138.99 ,97.05 ,51.02 ,133.07 ,102.41 ,97.10 
Jun-2001,116.70 ,81.41 ,135.19 ,101.98 ,49.89 ,130.66 ,100.92 ,100.60 
Jul-2001,109.06 ,79.71 ,137.79 ,102.30 ,47.88 ,129.14 ,98.05 ,96.30 
Aug-2001,85.54 ,77.11 ,69.99 ,93.51 ,48.34 ,90.57 ,97.42 ,76.30 
Sep-2001,110.53 ,81.31 ,128.19 ,99.62 ,50.91 ,122.54 ,99.12 ,100.00 
Oct-2001,119.42 ,85.11 ,139.69 ,98.87 ,50.77 ,131.80 ,108.14 ,100.80 
Nov-2001,113.93 ,84.81 ,130.39 ,97.15 ,52.69 ,128.12 ,107.29 ,98.80 
Dec-2001,107.60 ,70.41 ,110.89 ,94.79 ,51.06 ,108.46 ,96.36 ,91.40 
Jan-2002,110.86 ,74.61 ,121.49 ,88.68 ,52.12 ,122.54 ,101.24 ,90.70 
Feb-2002,106.54 ,74.61 ,126.59 ,94.04 ,46.29 ,120.51 ,99.33 ,92.50 
Mar-2002,117.04 ,79.91 ,134.09 ,106.91 ,54.73 ,118.23 ,108.98 ,102.80 
Apr-2002,111.11 ,82.11 ,120.49 ,94.69 ,55.02 ,128.25 ,103.36 ,94.60 
May-2002,103.58 ,76.11 ,137.79 ,95.65 ,55.39 ,130.28 ,106.54 ,96.30 
Jun-2002,114.65 ,82.31 ,128.39 ,99.30 ,50.99 ,123.68 ,96.99 ,100.10 
Jul-2002,110.38 ,82.61 ,141.89 ,105.52 ,52.85 ,133.71 ,104.32 ,97.10 
Aug-2002,82.08 ,74.21 ,65.49 ,94.79 ,52.56 ,86.77 ,96.36 ,75.60 
Sep-2002,111.45 ,83.81 ,132.19 ,104.55 ,51.85 ,125.33 ,104.63 ,100.40 
Oct-2002,118.23 ,85.51 ,139.19 ,103.91 ,57.74 ,138.53 ,109.52 ,102.10 
Nov-2002,110.46 ,84.91 ,130.39 ,102.41 ,57.57 ,128.76 ,107.39 ,101.50 
Dec-2002,107.49 ,73.01 ,114.69 ,101.23 ,56.79 ,112.01 ,101.98 ,91.20 
Jan-2003,110.38 ,74.91 ,120.39 ,95.83 ,54.35 ,122.29 ,104.42 ,92.40 
Feb-2003,107.22 ,76.71 ,125.09 ,99.54 ,51.13 ,122.92 ,103.68 ,94.40 
Mar-2003,115.68 ,82.11 ,133.39 ,112.51 ,57.66 ,129.77 ,113.12 ,102.80 
Apr-2003,110.06 ,79.71 ,122.59 ,98.56 ,56.35 ,122.29 ,104.85 ,95.50 
May-2003,100.00 ,78.31 ,127.99 ,97.36 ,55.30 ,128.50 ,103.47 ,94.80 
Jun-2003,111.13 ,78.11 ,125.69 ,102.81 ,55.62 ,129.01 ,105.16 ,98.20 
Jul-2003,108.82 ,83.81 ,142.19 ,105.43 ,53.56 ,136.37 ,106.33 ,97.80 
Aug-2003,77.90 ,69.51 ,62.99 ,92.67 ,53.59 ,85.37 ,97.10 ,74.80 
Sep-2003,112.90 ,84.81 ,132.89 ,108.26 ,55.65 ,128.12 ,108.56 ,98.80 
Oct-2003,119.48 ,86.71 ,139.39 ,107.82 ,62.51 ,139.41 ,114.40 ,103.50 
Nov-2003,108.18 ,84.61 ,129.59 ,104.55 ,60.62 ,129.90 ,107.50 ,102.00 
Dec-2003,111.08 ,77.01 ,114.89 ,106.30 ,63.17 ,116.58 ,105.70 ,93.40 
Jan-2004,107.97 ,73.51 ,115.59 ,99.32 ,57.10 ,118.61 ,104.10 ,93.00 
Feb-2004,107.78 ,77.21 ,127.29 ,104.34 ,60.33 ,125.21 ,104.53 ,95.40 
Mar-2004,121.35 ,90.41 ,139.99 ,120.25 ,64.84 ,139.29 ,118.54 ,104.40 
Apr-2004,110.97 ,82.31 ,126.39 ,105.32 ,62.90 ,123.56 ,106.23 ,97.50 
May-2004,103.14 ,79.61 ,131.49 ,99.21 ,63.03 ,132.06 ,102.09 ,98.50 
Jun-2004,120.95 ,87.91 ,130.59 ,110.99 ,62.89 ,136.62 ,106.97 ,102.00 
Jul-2004,108.69 ,84.01 ,137.79 ,111.97 ,60.57 ,136.62 ,102.30 ,100.80 
Aug-2004,81.22 ,76.41 ,67.19 ,100.63 ,59.28 ,90.32 ,96.57 ,76.60 
Sep-2004,117.04 ,89.41 ,134.09 ,113.06 ,60.96 ,133.45 ,106.12 ,102.80 
Oct-2004,116.06 ,87.01 ,132.09 ,106.84 ,65.92 ,129.77 ,106.01 ,105.40 
Nov-2004,112.45 ,89.11 ,130.39 ,110.00 ,66.50 ,135.99 ,110.68 ,102.90 
Dec-2004,114.59 ,81.01 ,117.99 ,108.15 ,65.80 ,118.23 ,103.57 ,94.10 
Jan-2005,110.39 ,76.31 ,111.39 ,101.28 ,65.34 ,119.62 ,99.01 ,94.40 
Feb-2005,107.67 ,78.51 ,123.09 ,106.52 ,56.24 ,123.94 ,100.60 ,96.30 
Mar-2005,117.58 ,87.51 ,132.89 ,122.21 ,68.40 ,130.15 ,109.09 ,105.40 
Apr-2005,111.42 ,87.61 ,124.29 ,105.97 ,66.01 ,132.56 ,104.32 ,99.10 
May-2005,107.53 ,81.01 ,132.59 ,100.96 ,66.27 ,132.44 ,103.47 ,98.90 
Jun-2005,119.70 ,93.41 ,128.19 ,112.08 ,65.61 ,136.50 ,108.03 ,103.10 
Jul-2005,104.54 ,84.21 ,132.89 ,109.02 ,65.34 ,131.93 ,101.24 ,101.60 
Aug-2005,83.52 ,80.01 ,68.49 ,102.15 ,63.02 ,94.00 ,100.60 ,78.60 
Sep-2005,117.68 ,93.81 ,134.19 ,113.82 ,64.74 ,133.83 ,107.92 ,104.80 
Oct-2005,112.18 ,88.51 ,131.19 ,108.91 ,70.26 ,129.77 ,105.48 ,106.70 
Nov-2005,115.15 ,94.61 ,132.59 ,113.27 ,73.52 ,137.38 ,110.47 ,107.10 
Dec-2005,113.65 ,85.71 ,112.19 ,112.29 ,72.85 ,120.00 ,105.38 ,97.00 
Jan-2006,112.03 ,82.11 ,116.09 ,103.57 ,69.00 ,128.25 ,104.21 ,97.30 
Feb-2006,106.96 ,83.31 ,126.49 ,109.90 ,66.74 ,129.01 ,104.00 ,99.30 
Mar-2006,122.91 ,97.51 ,143.89 ,125.05 ,74.32 ,146.26 ,119.28 ,109.60 
Apr-2006,106.99 ,83.21 ,115.19 ,110.22 ,71.13 ,120.13 ,102.30 ,101.60 
May-2006,110.18 ,93.11 ,139.49 ,105.10 ,72.79 ,141.32 ,108.88 ,104.80 
Jun-2006,121.00 ,92.61 ,135.19 ,116.76 ,71.72 ,143.09 ,110.36 ,108.10 
Jul-2006,106.45 ,88.91 ,135.99 ,114.37 ,66.34 ,136.75 ,102.72 ,105.60 
Aug-2006,85.00 ,87.61 ,72.59 ,107.93 ,69.33 ,96.79 ,103.89 ,83.40 
Sep-2006,116.11 ,96.51 ,135.59 ,118.73 ,76.44 ,134.59 ,109.41 ,109.10 
Oct-2006,117.59 ,95.61 ,140.79 ,116.87 ,73.65 ,138.40 ,112.49 ,110.70 
Nov-2006,115.25 ,101.61 ,136.29 ,118.94 ,78.77 ,142.33 ,115.46 ,110.10 
Dec-2006,109.95 ,88.41 ,112.39 ,117.85 ,74.45 ,121.02 ,105.06 ,102.00 
Jan-2007,112.33 ,90.31 ,125.39 ,107.93 ,74.98 ,136.75 ,109.62 ,101.20 
Feb-2007,108.97 ,90.31 ,130.59 ,112.84 ,66.61 ,132.94 ,105.59 ,104.20 
Mar-2007,121.75 ,103.51 ,144.49 ,127.45 ,76.91 ,147.79 ,116.20 ,114.80 
Apr-2007,108.66 ,91.71 ,121.59 ,111.31 ,75.65 ,126.22 ,103.89 ,104.60 
May-2007,108.64 ,96.01 ,142.49 ,110.11 ,76.98 ,146.01 ,109.30 ,108.50 
Jun-2007,121.39 ,99.11 ,136.89 ,118.29 ,76.51 ,143.22 ,105.48 ,111.60 
Jul-2007,113.45 ,97.91 ,143.49 ,117.85 ,75.38 ,142.84 ,102.19 ,109.80 
Aug-2007,87.87 ,92.81 ,76.79 ,112.84 ,75.58 ,99.07 ,101.24 ,87.50 
Sep-2007,113.06 ,99.51 ,134.89 ,119.38 ,74.18 ,132.82 ,102.41 ,113.20 
Oct-2007,123.26 ,106.21 ,146.99 ,122.87 ,85.48 ,145.76 ,110.89 ,116.10 
Nov-2007,116.72 ,106.61 ,135.99 ,122.76 ,84.82 ,141.19 ,110.89 ,113.60 
Dec-2007,108.55 ,88.41 ,108.59 ,119.71 ,81.43 ,121.27 ,100.81 ,103.40 
Jan-2008,114.25 ,95.91 ,128.59 ,111.62 ,83.95 ,135.61 ,106.12 ,105.00 
Feb-2008,114.01 ,98.81 ,136.79 ,119.74 ,73.85 ,138.02 ,106.33 ,107.20 
Mar-2008,116.50 ,97.11 ,134.59 ,127.45 ,85.22 ,125.21 ,107.61 ,116.80 
Apr-2008,117.74 ,107.31 ,136.19 ,112.95 ,84.09 ,141.32 ,107.71 ,109.20 
May-2008,105.40 ,95.31 ,135.29 ,110.80 ,84.09 ,133.71 ,104.00 ,107.90 
Jun-2008,116.78 ,104.41 ,132.19 ,117.89 ,82.09 ,127.62 ,104.32 ,111.10 
Jul-2008,112.41 ,101.71 ,144.29 ,120.87 ,82.03 ,140.17 ,105.38 ,108.60 
Aug-2008,80.03 ,88.41 ,66.29 ,104.53 ,77.24 ,87.66 ,96.57 ,86.30 
Sep-2008,114.52 ,105.41 ,133.69 ,119.12 ,79.10 ,126.60 ,107.61 ,109.90 
Oct-2008,115.70 ,102.41 ,135.89 ,113.78 ,84.15 ,128.00 ,110.36 ,109.40 
Nov-2008,100.43 ,94.31 ,119.09 ,102.98 ,73.32 ,115.31 ,102.62 ,103.60 
Dec-2008,101.37 ,81.81 ,95.79 ,96.71 ,66.47 ,101.86 ,102.41 ,90.70 
Jan-2009,96.15 ,73.01 ,97.09 ,80.37 ,62.75 ,102.37 ,97.42 ,87.80 
Feb-2009,93.21 ,74.01 ,102.29 ,76.67 ,66.94 ,104.53 ,95.93 ,87.40 
Mar-2009,101.10 ,84.71 ,107.79 ,87.26 ,76.64 ,108.33 ,106.23 ,94.20 
Apr-2009,93.48 ,76.01 ,99.29 ,80.27 ,77.91 ,101.23 ,98.37 ,85.90 
May-2009,87.65 ,76.41 ,102.69 ,79.96 ,77.17 ,103.89 ,94.02 ,89.30 
Jun-2009,102.33 ,82.11 ,104.79 ,91.78 ,81.56 ,109.35 ,98.90 ,92.50 
Jul-2009,96.44 ,82.61 ,117.59 ,94.45 ,82.82 ,116.45 ,97.84 ,91.50 
Aug-2009,71.34 ,72.41 ,55.90 ,85.82 ,78.30 ,78.40 ,87.23 ,73.30 
Sep-2009,102.87 ,90.81 ,112.39 ,98.46 ,88.67 ,110.49 ,98.80 ,96.00 
Oct-2009,103.01 ,89.01 ,114.89 ,98.05 ,85.15 ,111.63 ,100.50 ,97.40 
Nov-2009,99.36 ,89.21 ,111.39 ,98.98 ,86.88 ,110.74 ,100.81 ,96.30 
Dec-2009,98.45 ,79.11 ,92.49 ,100.72 ,89.60 ,100.34 ,99.01 ,87.20 
Jan-2010,95.97 ,73.31 ,94.39 ,92.40 ,87.05 ,97.30 ,94.23 ,89.70 
Feb-2010,96.10 ,79.01 ,105.59 ,97.54 ,79.65 ,102.50 ,96.04 ,90.80 
Mar-2010,110.03 ,96.91 ,119.19 ,111.62 ,94.08 ,115.69 ,110.26 ,101.60 
Apr-2010,99.39 ,87.31 ,108.69 ,98.67 ,93.62 ,104.27 ,96.78 ,93.60 
May-2010,94.54 ,86.51 ,113.79 ,94.45 ,92.60 ,109.22 ,93.92 ,96.80 
Jun-2010,108.29 ,95.61 ,116.19 ,106.27 ,94.64 ,112.90 ,97.63 ,100.30 
Jul-2010,99.45 ,90.01 ,123.69 ,108.02 ,94.54 ,113.79 ,92.54 ,98.80 
Aug-2010,75.95 ,84.61 ,66.19 ,99.49 ,89.27 ,81.06 ,89.46 ,79.70 
Sep-2010,105.58 ,99.71 ,119.09 ,111.00 ,90.19 ,109.22 ,97.21 ,101.90 
Oct-2010,103.61 ,97.81 ,116.09 ,102.57 ,97.32 ,107.70 ,97.52 ,104.10 
Nov-2010,103.95 ,101.61 ,116.79 ,105.55 ,97.50 ,114.55 ,99.86 ,104.00 
Dec-2010,106.44 ,93.11 ,103.09 ,105.86 ,99.63 ,100.72 ,94.55 ,95.30 
Jan-2011,103.64 ,85.81 ,98.89 ,96.51 ,97.41 ,101.21 ,89.46 ,95.00 
Feb-2011,103.03 ,92.71 ,111.39 ,101.34 ,85.11 ,104.98 ,88.50 ,98.20 
Mar-2011,114.49 ,107.71 ,122.89 ,97.33 ,102.31 ,116.08 ,101.66 ,108.00 
Apr-2011,99.52 ,93.81 ,110.39 ,85.72 ,98.80 ,99.12 ,87.34 ,98.70 
May-2011,106.62 ,105.11 ,121.39 ,89.62 ,99.17 ,108.98 ,90.73 ,100.90 
Jun-2011,104.98 ,96.01 ,116.19 ,104.53 ,100.28 ,110.22 ,94.55 ,102.80 
Jul-2011,98.98 ,97.11 ,119.99 ,104.83 ,98.06 ,109.27 ,88.08 ,102.70 
Aug-2011,79.64 ,95.11 ,70.89 ,99.70 ,93.99 ,83.69 ,87.55 ,84.10 
Sep-2011,105.90 ,105.41 ,116.99 ,107.40 ,96.58 ,108.00 ,93.39 ,103.60 
Oct-2011,104.16 ,98.41 ,111.79 ,103.70 ,101.48 ,102.54 ,91.48 ,104.50 
Nov-2011,105.37 ,106.31 ,112.89 ,102.78 ,101.11 ,105.45 ,95.19 ,103.80 
Dec-2011,102.43 ,94.41 ,94.59 ,103.91 ,101.94 ,94.42 ,89.25 ,93.90 
Jan-2012,103.50 ,90.61 ,96.99 ,96.30 ,94.36 ,98.52 ,88.40 ,93.40 
Feb-2012,104.05 ,95.71 ,107.59 ,104.63 ,98.15 ,101.42 ,90.10 ,96.40 
Mar-2012,109.60 ,107.21 ,114.39 ,112.65 ,103.24 ,104.14 ,98.90 ,105.80 
Apr-2012,99.42 ,92.81 ,97.19 ,98.05 ,98.80 ,91.36 ,88.19 ,96.10 
May-2012,94.45 ,97.81 ,114.49 ,96.10 ,102.41 ,103.71 ,92.85 ,98.50 
Jun-2012,104.18 ,99.71 ,108.09 ,103.81 ,101.02 ,102.10 ,90.84 ,100.80 
Jul-2012,100.74 ,99.01 ,116.89 ,104.94 ,98.06 ,104.41 ,91.48 ,100.00 
Aug-2012,79.06 ,94.11 ,67.49 ,96.00 ,92.78 ,80.73 ,88.93 ,83.20 
Sep-2012,98.75 ,97.31 ,104.99 ,99.59 ,96.86 ,94.53 ,88.50 ,100.90 
Oct-2012,105.55 ,102.21 ,112.39 ,99.08 ,100.65 ,101.95 ,94.55 ,101.10 
Nov-2012,103.21 ,102.91 ,104.49 ,97.54 ,104.16 ,97.22 ,95.51 ,99.60 
Dec-2012,95.18 ,85.41 ,85.19 ,96.51 ,102.04 ,84.80 ,89.46 ,91.20 
Jan-2013,101.76 ,89.51 ,96.89 ,91.09 ,102.87 ,94.95 ,90.63 ,91.30 
Feb-2013,99.84 ,90.81 ,98.89 ,94.99 ,90.01 ,92.56 ,89.14 ,93.50 
Mar-2013,106.60 ,98.21 ,103.29 ,105.59 ,101.39 ,93.33 ,98.90 ,104.00 
Apr-2013,102.93 ,100.31 ,96.89 ,96.19 ,101.30 ,97.04 ,92.64 ,95.50 
May-2013,95.80 ,93.31 ,109.59 ,95.69 ,102.31 ,100.61 ,93.28 ,96.80 
Jun-2013,102.32 ,99.61 ,102.49 ,98.59 ,99.72 ,97.31 ,91.79 ,100.20 
Jul-2013,102.72 ,100.71 ,116.09 ,105.89 ,99.91 ,105.38 ,93.49 ,98.00 
Aug-2013,74.76 ,91.31 ,62.39 ,94.49 ,96.12 ,77.20 ,86.28 ,81.70 
Sep-2013,100.57 ,101.91 ,104.99 ,103.19 ,93.53 ,97.96 ,94.55 ,100.80 
Oct-2013,106.75 ,104.01 ,111.79 ,103.89 ,104.81 ,103.11 ,99.01 ,101.30 
Nov-2013,101.08 ,104.11 ,101.99 ,101.79 ,103.79 ,97.08 ,97.63 ,102.30 
Dec-2013,98.79 ,90.71 ,86.89 ,103.29 ,104.90 ,88.28 ,94.45 ,92.60 
Jan-2014,101.22 ,92.41 ,94.89 ,99.29 ,98.52 ,94.69 ,95.51 ,93.10 
Feb-2014,99.46 ,96.11 ,99.29 ,100.89 ,93.62 ,95.18 ,92.96 ,95.50 
Mar-2014,105.53 ,103.61 ,104.69 ,112.49 ,104.53 ,100.86 ,102.19 ,104.60 
Apr-2014,100.89 ,99.01 ,96.89 ,97.79 ,103.89 ,94.96 ,93.49 ,97.60 
May-2014,91.64 ,97.81 ,104.19 ,95.99 ,100.37 ,101.24 ,93.07 ,97.70 
Jun-2014,101.18 ,97.71 ,102.69 ,101.99 ,100.46 ,99.99 ,94.76 ,100.50 
Jul-2014,100.57 ,105.31 ,114.79 ,105.79 ,104.07 ,106.53 ,94.87 ,100.10 
Aug-2014,72.52 ,86.61 ,60.19 ,91.99 ,93.62 ,75.34 ,85.21 ,81.80 
Sep-2014,103.32 ,106.61 ,105.79 ,104.29 ,95.47 ,101.47 ,97.10 ,101.40 
Oct-2014,104.93 ,105.71 ,108.79 ,103.09 ,101.85 ,104.02 ,99.01 ,102.30 
Nov-2014,96.84 ,102.71 ,99.99 ,98.39 ,100.56 ,96.79 ,96.14 ,101.80 
Dec-2014,102.40 ,94.01 ,87.09 ,103.39 ,106.38 ,91.04 ,99.12 ,93.70 
Jan-2015,100.43 ,88.21 ,90.39 ,97.29 ,99.80 ,92.48 ,97.42 ,94.10 
Feb-2015,100.10 ,94.31 ,98.89 ,97.99 ,88.80 ,96.27 ,98.37 ,97.40 
Mar-2015,109.52 ,108.71 ,108.59 ,109.69 ,103.30 ,105.90 ,110.89 ,107.50 
Apr-2015,100.87 ,99.61 ,100.69 ,97.59 ,101.40 ,97.29 ,99.54 ,98.60 
May-2015,90.07 ,92.91 ,103.49 ,91.19 ,97.30 ,102.54 ,96.36 ,99.90 
Jun-2015,107.55 ,106.41 ,105.59 ,103.39 ,101.50 ,107.40 ,102.51 ,103.50 
Jul-2015,98.99 ,105.91 ,117.39 ,105.49 ,100.40 ,112.94 ,99.22 ,103.00 
Aug-2015,76.49 ,89.31 ,63.49 ,91.19 ,94.70 ,79.08 ,89.99 ,84.60 
Sep-2015,105.22 ,106.81 ,107.49 ,103.29 ,99.90 ,105.41 ,102.19 ,104.50 
Oct-2015,106.45 ,106.71 ,107.79 ,101.49 ,105.10 ,103.85 ,102.19 ,106.40 
Nov-2015,102.34 ,106.01 ,106.19 ,99.79 ,102.70 ,102.66 ,101.66 ,104.80 
Dec-2015,101.97 ,95.11 ,89.99 ,101.59 ,105.10 ,94.17 ,99.65 ,95.70 
Jan-2016,99.87 ,87.51 ,90.89 ,93.69 ,99.00 ,95.37 ,95.83 ,99.70 
Feb-2016,102.32 ,99.91 ,104.09 ,98.19 ,90.70 ,102.68 ,100.18 ,98.20 
Mar-2016,109.98 ,105.91 ,108.79 ,110.99 ,105.70 ,104.91 ,109.94 ,107.60 
Apr-2016,102.48 ,104.21 ,100.89 ,95.49 ,99.70 ,106.32 ,101.45 ,100.80 
May-2016,96.75 ,96.01 ,109.59 ,91.39 ,102.60 ,104.97 ,99.43 ,99.70 
Jun-2016,106.20 ,110.51 ,104.49 ,101.99 ,104.70 ,106.30 ,102.94 ,103.90 
Jul-2016,93.79 ,96.51 ,110.19 ,101.29 ,102.40 ,104.11 ,95.51 ,103.00 
Aug-2016,79.43 ,97.51 ,68.29 ,95.09 ,98.00 ,83.68 ,95.30 ,85.70 
Sep-2016,103.85 ,108.81 ,109.49 ,104.69 ,98.70 ,106.29 ,102.72 ,105.80 
Oct-2016,102.05 ,100.01 ,107.09 ,100.39 ,104.40 ,102.55 ,98.80 ,109.10 
Nov-2016,105.65 ,110.11 ,109.19 ,103.79 ,108.90 ,107.60 ,104.85 ,108.20 
Dec-2016,103.55 ,96.61 ,93.29 ,103.69 ,111.40 ,94.06 ,99.22 ,97.80 
Jan-2017,105.67 ,94.01 ,96.99 ,95.59 ,100.80 ,101.93 ,96.99 ,99.00 
Feb-2017,99.40 ,97.21 ,102.69 ,100.49 ,98.80 ,101.27 ,96.14 ,99.80 
Mar-2017,113.83 ,115.71 ,117.89 ,112.69 ,111.00 ,114.69 ,109.83 ,109.50 
Apr-2017,97.18 ,95.31 ,94.49 ,99.19 ,104.10 ,94.76 ,92.54 ,102.00 
May-2017,100.32 ,106.71 ,113.59 ,95.89 ,104.80 ,111.42 ,99.75 ,103.00 
Jun-2017,106.59 ,105.91 ,111.09 ,105.89 ,105.50 ,111.02 ,102.19 ,105.80 
Jul-2017,96.90 ,100.81 ,115.09 ,103.99 ,104.90 ,107.00 ,95.72 ,106.50 
Aug-2017,80.82 ,102.21 ,72.99 ,98.19 ,101.30 ,85.89 ,95.83 ,89.20 
Sep-2017,104.26 ,109.31 ,109.39 ,105.49 ,109.40 ,106.46 ,103.15 ,109.60 
Oct-2017,109.76 ,102.31 ,113.99 ,104.09 ,99.80 ,109.45 ,104.32 ,112.80 
Nov-2017,111.17 ,116.71 ,113.29 ,105.89 ,109.40 ,112.68 ,107.82 ,114.00 
Dec-2017,103.93 ,99.91 ,92.49 ,107.19 ,107.40 ,97.04 ,99.54 ,103.10 
Jan-2018,105.16 ,100.81 ,104.69 ,97.09 ,106.20 ,105.31 ,102.72 ,102.50 
Feb-2018,102.58 ,99.61 ,105.89 ,101.59 ,93.40 ,104.06 ,100.39 ,101.90 
Mar-2018,114.11 ,112.01 ,116.79 ,114.99 ,108.40 ,110.47 ,110.26 ,112.70 
Apr-2018,101.41 ,104.81 ,100.99 ,100.79 ,106.40 ,105.32 ,100.92 ,103.70 
May-2018,97.01 ,103.81 ,116.19 ,99.19 ,107.40 ,112.76 ,103.25 ,105.60 
Jun-2018,108.56 ,112.31 ,112.69 ,104.69 ,107.70 ,108.62 ,104.85 ,108.30 
Jul-2018,103.85 ,105.01 ,117.49 ,106.69 ,108.40 ,110.84 ,101.45 ,106.40 
Aug-2018,82.30 ,101.61 ,72.39 ,99.19 ,105.50 ,86.76 ,99.75 ,89.90 
Sep-2018,101.49 ,105.01 ,107.99 ,103.09 ,102.30 ,103.34 ,102.51 ,110.40 
Oct-2018,112.75 ,110.51 ,118.79 ,108.19 ,112.50 ,113.55 ,109.09 ,113.70 
Nov-2018,109.44 ,111.81 ,110.49 ,107.49 ,109.70 ,108.96 ,109.09 ,110.20 
Dec-2018,100.74 ,93.31 ,90.19 ,104.99 ,108.10 ,92.98 ,99.96 ,99.10 
Jan-2019,108.51 ,98.31 ,104.69 ,97.09 ,105.70 ,107.59 ,104.95 ,102.80 
Feb-2019,103.74 ,100.21 ,106.99 ,100.49 ,89.70 ,104.14 ,102.41 ,102.30 
Mar-2019,111.46 ,108.91 ,113.29 ,110.59 ,106.20 ,110.28 ,113.76 ,112.60 
Apr-2019,105.39 ,102.21 ,101.29 ,100.39 ,107.20 ,103.20 ,101.87 ,104.00 
May-2019,103.33 ,106.91 ,115.79 ,97.29 ,108.60 ,114.57 ,105.80 ,104.70 
Jun-2019,102.74 ,97.31 ,107.99 ,100.69 ,105.70 ,106.51 ,103.15 ,106.40 
Jul-2019,106.73 ,105.91 ,120.49 ,106.69 ,110.60 ,114.70 ,106.23 ,105.70 
Aug-2019,79.05 ,94.61 ,69.29 ,93.89 ,103.30 ,85.93 ,98.16 ,88.20 
Sep-2019,104.78 ,105.21 ,109.09 ,104.59 ,104.50 ,106.41 ,106.54 ,109.90 
Oct-2019,112.82 ,105.91 ,116.09 ,99.79 ,112.10 ,114.61 ,113.65 ,113.20 
Nov-2019,104.81 ,105.51 ,106.69 ,98.89 ,111.50 ,108.35 ,110.89 ,109.80 
Dec-2019,100.85 ,90.11 ,89.19 ,101.09 ,115.10 ,95.06 ,106.23 ,96.00 
Jan-2020,105.61 ,95.01 ,101.19 ,94.39 ,102.10 ,103.00 ,110.26 ,101.60 
Feb-2020,102.33 ,98.01 ,104.89 ,95.09 ,99.60 ,103.76 ,109.20 ,100.90 
Mar-2020,94.17 ,100.51 ,82.19 ,104.79 ,113.60 ,96.98 ,114.82 ,98.20 
Apr-2020,68.41 ,70.61 ,58.80 ,85.49 ,101.60 ,67.99 ,84.68 ,74.60 
May-2020,74.44 ,76.61 ,86.49 ,72.09 ,96.90 ,82.45 ,88.72 ,84.40 
Jun-2020,94.81 ,91.31 ,95.89 ,82.99 ,104.50 ,95.80 ,104.74 ,94.70 
Jul-2020,94.71 ,95.01 ,110.49 ,90.39 ,107.50 ,107.49 ,108.77 ,99.60 
Aug-2020,72.74 ,81.71 ,68.79 ,81.79 ,99.70 ,80.89 ,101.03 ,82.70 
Sep-2020,100.35 ,100.81 ,107.19 ,95.39 ,112.20 ,105.82 ,114.50 ,103.80 
Oct-2020,105.28 ,102.91 ,110.49 ,96.49 ,109.20 ,107.52 ,116.84 ,109.10 
Nov-2020,101.97 ,105.81 ,105.49 ,94.99 ,111.80 ,105.99 ,118.75 ,111.50 
Dec-2020,100.32 ,94.01 ,90.59 ,98.69 ,118.30 ,97.14 ,117.05 ,97.90 
Jan-2021,100.53 ,85.71 ,93.39 ,90.39 ,110.40 ,95.71 ,111.11 ,103.80 
Feb-2021,95.99 ,93.91 ,103.79 ,92.69 ,100.70 ,100.05 ,112.81 ,100.60 
Mar-2021,109.90 ,112.41 ,117.09 ,108.29 ,118.90 ,111.88 ,130.00 ,111.30 
Apr-2021,98.55 ,97.31 ,106.69 ,97.89 ,114.00 ,102.18 ,113.55 ,105.60 
May-2021,92.22 ,93.11 ,108.49 ,86.39 ,111.50 ,105.47 ,111.85 ,102.80 
Jun-2021,104.21 ,101.91 ,109.69 ,100.79 ,117.20 ,106.43 ,116.84 ,105.20 
Jul-2021,96.09 ,97.51 ,115.49 ,100.39 ,116.60 ,107.96 ,112.81 ,107.90 
Aug-2021,77.89 ,86.91 ,70.99 ,87.69 ,110.50 ,83.56 ,108.45 ,87.20 
Sep-2021,100.42 ,99.71 ,112.69 ,92.99 ,111.10 ,107.00 ,117.47 ,108.00 
Oct-2021,101.88 ,97.81 ,109.69 ,92.69 ,114.80 ,104.16 ,114.61 ,109.20 
Nov-2021,101.71 ,104.81 ,112.69 ,99.49 ,119.30 ,111.79 ,119.92 ,110.10 
Dec-2021,102.51 ,95.11 ,97.89 ,100.79 ,126.70 ,100.12 ,115.35 ,99.80 
Jan-2022,101.76 ,88.91 ,93.69 ,89.79 ,115.10 ,99.80 ,109.41 ,102.50 
Feb-2022,97.69 ,95.01 ,107.29 ,93.59 ,107.10 ,104.20 ,110.79 ,102.30 
Mar-2022,109.65 ,106.71 ,121.79 ,106.89 ,123.30 ,112.24 ,127.03 ,110.10 
Apr-2022,95.23 ,90.81 ,103.39 ,93.49 ,118.10 ,101.49 ,108.77 ,103.00 
May-2022,97.15 ,98.61 ,115.69 ,83.99 ,119.90 ,112.73 ,110.79 ,104.40 
Jun-2022,102.88 ,98.61 ,108.49 ,98.49 ,118.80 ,113.41 ,114.72 ,107.50 
Jul-2022,91.96 ,92.71 ,110.49 ,98.69 ,118.40 ,109.41 ,106.97 ,105.20 
Aug-2022,78.68 ,91.91 ,72.99 ,92.59 ,112.20 ,88.07 ,105.38 ,89.50 
Sep-2022,102.39 ,104.61 ,112.19 ,101.49 ,111.80 ,110.86 ,112.91 ,113.50 
Oct-2022,99.10 ,94.31 ,107.89 ,95.19 ,113.40 ,106.44 ,106.01 ,112.90 
Nov-2022,..,..,..,97.99 ,114.90 ,..,..,..
