DATE,Brasil,Spain,US,IPB50001N,Japan
01/01/1919,,,4.8773,4.7957,
01/02/1919,,,4.6617,4.6071,
01/03/1919,,,4.527,4.4994,
01/04/1919,,,4.6078,4.5802,
01/05/1919,,,4.6348,4.7149,
01/06/1919,,,4.9312,5.0113,
01/07/1919,,,5.2276,5.1729,
01/08/1919,,,5.3084,5.2807,
01/09/1919,,,5.2006,5.3077,
01/10/1919,,,5.1467,5.2807,
01/11/1919,,,5.0659,5.1729,
01/12/1919,,,5.1467,4.8227,
01/01/1920,,,5.6318,5.4963,
01/02/1920,,,5.6318,5.5232,
01/03/1920,,,5.524,5.5232,
01/04/1920,,,5.2276,5.1729,
01/05/1920,,,5.3623,5.4963,
01/06/1920,,,5.4162,5.4963,
01/07/1920,,,5.2815,5.1999,
01/08/1920,,,5.3084,5.3077,
01/09/1920,,,5.1198,5.1999,
01/10/1920,,,4.9042,5.0652,
01/11/1920,,,4.5,4.5802,
01/12/1920,,,4.2306,4.0144,
01/01/1921,,,3.9881,3.9336,
01/02/1921,,,3.9072,3.8797,
01/03/1921,,,3.7994,3.7719,
01/04/1921,,,3.7994,3.7989,
01/05/1921,,,3.9072,3.9875,
01/06/1921,,,3.8803,3.9336,
01/07/1921,,,3.8533,3.7989,
01/08/1921,,,3.9881,3.9875,
01/09/1921,,,4.015,4.0952,
01/10/1921,,,4.2575,4.3647,
01/11/1921,,,4.2036,4.2569,
01/12/1921,,,4.1767,3.9066,
01/01/1922,,,4.3384,4.2569,
01/02/1922,,,4.527,4.5533,
01/03/1922,,,4.7695,4.8227,
01/04/1922,,,4.6078,4.6071,
01/05/1922,,,4.8503,4.9035,
01/06/1922,,,5.0929,5.146,
01/07/1922,,,5.0929,5.0113,
01/08/1922,,,4.9851,4.9305,
01/09/1922,,,5.2545,5.3077,
01/10/1922,,,5.5509,5.7118,
01/11/1922,,,5.7935,5.8734,
01/12/1922,,,5.9551,5.6579,
01/01/1923,,,5.8204,5.6579,
01/02/1923,,,5.9012,5.8465,
01/03/1923,,,6.0899,6.1159,
01/04/1923,,,6.2246,6.2237,
01/05/1923,,,6.3054,6.3854,
01/06/1923,,,6.2515,6.3045,
01/07/1923,,,6.1977,6.089,
01/08/1923,,,6.0899,6.1159,
01/09/1923,,,5.9551,6.1159,
01/10/1923,,,5.9282,6.1159,
01/11/1923,,,5.9282,5.9543,
01/12/1923,,,5.7935,5.4963,
01/01/1924,,,5.9282,5.7387,
01/02/1924,,,6.036,5.9812,
01/03/1924,,,5.9282,5.9812,
01/04/1924,,,5.7396,5.7657,
01/05/1924,,,5.497,5.5501,
01/06/1924,,,5.2545,5.2807,
01/07/1924,,,5.1737,5.0652,
01/08/1924,,,5.3623,5.3885,
01/09/1924,,,5.5509,5.7387,
01/10/1924,,,5.6857,5.8734,
01/11/1924,,,5.7935,5.8196,
01/12/1924,,,5.9551,5.6579,
01/01/1925,,,6.1438,5.9812,
01/02/1925,,,6.1438,6.1159,
01/03/1925,,,6.1438,6.1968,
01/04/1925,,,6.1977,6.2237,
01/05/1925,,,6.1707,6.2237,
01/06/1925,,,6.1168,6.1159,
01/07/1925,,,6.2785,6.1159,
01/08/1925,,,6.1707,6.2237,
01/09/1925,,,6.0899,6.3045,
01/10/1925,,,6.3324,6.5201,
01/11/1925,,,6.4671,6.4662,
01/12/1925,,,6.548,6.1968,
01/01/1926,,,6.4402,6.2237,
01/02/1926,,,6.4402,6.4392,
01/03/1926,,,6.521,6.5739,
01/04/1926,,,6.521,6.547,
01/05/1926,,,6.4671,6.547,
01/06/1926,,,6.5479,6.547,
01/07/1926,,,6.5749,6.4392,
01/08/1926,,,6.6557,6.7625,
01/09/1926,,,6.7635,7.005,
01/10/1926,,,6.7635,7.005,
01/11/1926,,,6.7366,6.7625,
01/12/1926,,,6.7096,6.3315,
01/01/1927,,,6.6827,6.4392,
01/02/1927,,,6.7366,6.7625,
01/03/1927,,,6.8174,6.8973,
01/04/1927,,,6.6557,6.7625,
01/05/1927,,,6.7096,6.7895,
01/06/1927,,,6.6827,6.7356,
01/07/1927,,,6.6018,6.4392,
01/08/1927,,,6.6018,6.6548,
01/09/1927,,,6.4941,6.7356,
01/10/1927,,,6.3593,6.6278,
01/11/1927,,,6.3593,6.3315,
01/12/1927,,,6.3863,6.0082,
01/01/1928,,,6.521,6.2776,
01/02/1928,,,6.5749,6.5739,
01/03/1928,,,6.6288,6.7356,
01/04/1928,,,6.6018,6.7356,
01/05/1928,,,6.6827,6.7895,
01/06/1928,,,6.7366,6.7895,
01/07/1928,,,6.8174,6.6817,
01/08/1928,,,6.9522,7.032,
01/09/1928,,,7.006,7.3014,
01/10/1928,,,7.1408,7.4361,
01/11/1928,,,7.2755,7.1936,
01/12/1928,,,7.4102,6.7895,
01/01/1929,,,7.518,7.1936,
01/02/1929,,,7.4911,7.49,
01/03/1929,,,7.518,7.5978,
01/04/1929,,,7.6528,7.8133,
01/05/1929,,,7.7875,8.0019,
01/06/1929,,,7.8414,7.9211,
01/07/1929,,,7.9492,7.7594,
01/08/1929,,,7.8683,7.8941,
01/09/1929,,,7.8144,8.0558,
01/10/1929,,,7.6797,7.9211,
01/11/1929,,,7.3025,7.1936,
01/12/1929,,,6.9791,6.4662,
01/01/1930,,,6.9791,6.6548,
01/02/1930,,,6.9521,6.8973,
01/03/1930,,,6.8444,6.8434,
01/04/1930,,,6.7905,6.9242,
01/05/1930,,,6.6827,6.8973,
01/06/1930,,,6.4941,6.6278,
01/07/1930,,,6.1977,6.1159,
01/08/1930,,,6.0629,6.089,
01/09/1930,,,5.9551,6.1968,
01/10/1930,,,5.7935,5.9812,
01/11/1930,,,5.6587,5.5501,
01/12/1930,,,5.524,5.1729,
01/01/1931,,,5.497,5.1999,
01/02/1931,,,5.524,5.4963,
01/03/1931,,,5.6318,5.631,
01/04/1931,,,5.6587,5.7657,
01/05/1931,,,5.5779,5.7118,
01/06/1931,,,5.4432,5.4963,
01/07/1931,,,5.3623,5.2807,
01/08/1931,,,5.1737,5.1729,
01/09/1931,,,4.9312,5.146,
01/10/1931,,,4.7426,4.9035,
01/11/1931,,,4.6887,4.661,
01/12/1931,,,4.6617,4.3916,
01/01/1932,,,4.527,4.3647,
01/02/1932,,,4.4192,4.4455,
01/03/1932,,,4.3653,4.3377,
01/04/1932,,,4.0689,4.1491,
01/05/1932,,,3.9342,4.0144,
01/06/1932,,,3.7994,3.8797,
01/07/1932,,,3.6916,3.6372,
01/08/1932,,,3.7994,3.7719,
01/09/1932,,,4.0419,4.23,
01/10/1932,,,4.1767,4.3377,
01/11/1932,,,4.1767,4.1491,
01/12/1932,,,4.0958,3.9066,
01/01/1933,,,4.015,3.9066,
01/02/1933,,,4.0419,4.0414,
01/03/1933,,,3.7994,3.7719,
01/04/1933,,,4.0689,4.1222,
01/05/1933,,,4.7426,4.8227,
01/06/1933,,,5.4701,5.5232,
01/07/1933,,,5.9821,5.8734,
01/08/1933,,,5.7396,5.7118,
01/09/1933,,,5.4162,5.604,
01/10/1933,,,5.1467,5.1999,
01/11/1933,,,4.8503,4.7957,
01/12/1933,,,4.8773,4.661,
01/01/1934,,,5.039,4.8227,
01/02/1934,,,5.2815,5.2807,
01/03/1934,,,5.524,5.5501,
01/04/1934,,,5.524,5.6579,
01/05/1934,,,5.6318,5.7387,
01/06/1934,,,5.524,5.631,
01/07/1934,,,5.1467,5.1191,
01/08/1934,,,5.0929,5.146,
01/09/1934,,,4.7964,5.0382,
01/10/1934,,,5.012,5.1191,
01/11/1934,,,5.0659,4.9574,
01/12/1934,,,5.3893,5.146,
01/01/1935,,,5.8204,5.631,
01/02/1935,,,5.9282,5.9543,
01/03/1935,,,5.9012,5.9273,
01/04/1935,,,5.7935,5.8465,
01/05/1935,,,5.7935,5.8465,
01/06/1935,,,5.8743,5.8465,
01/07/1935,,,5.8743,5.7657,
01/08/1935,,,6.0899,6.089,
01/09/1935,,,6.2515,6.3315,
01/10/1935,,,6.4402,6.6278,
01/11/1935,,,6.5749,6.6278,
01/12/1935,,,6.6557,6.4662,
01/01/1936,,,6.548,6.3315,
01/02/1936,,,6.3863,6.3315,
01/03/1936,,,6.4671,6.4392,
01/04/1936,,,6.8713,6.8973,
01/05/1936,,,7.006,7.1128,
01/06/1936,,,7.1408,7.1397,
01/07/1936,,,7.2755,7.1397,
01/08/1936,,,7.3833,7.3822,
01/09/1936,,,7.518,7.6786,
01/10/1936,,,7.6258,7.8941,
01/11/1936,,,7.8414,7.9211,
01/12/1936,,,8.0839,7.9211,
01/01/1937,,,8.0569,7.7055,
01/02/1937,,,8.1647,8.0288,
01/03/1937,,,8.3534,8.3521,
01/04/1937,,,8.3534,8.406,
01/05/1937,,,8.3803,8.5138,
01/06/1937,,,8.2725,8.2713,
01/07/1937,,,8.3264,8.1366,
01/08/1937,,,8.2725,8.2713,
01/09/1937,,,8.0031,8.2174,
01/10/1937,,,7.4102,7.7055,
01/11/1937,,,6.6827,6.7625,
01/12/1937,,,6.0899,5.9812,
01/01/1938,,,5.9551,5.7118,
01/02/1938,,,5.9012,5.7657,
01/03/1938,,,5.9012,5.8465,
01/04/1938,,,5.7935,5.7118,
01/05/1938,,,5.6587,5.6579,
01/06/1938,,,5.7126,5.6579,
01/07/1938,,,6.036,5.9543,
01/08/1938,,,6.3593,6.4123,
01/09/1938,,,6.548,6.7895,
01/10/1938,,,6.7096,6.9781,
01/11/1938,,,6.9791,7.1128,
01/12/1938,,,7.0599,6.9242,
01/01/1939,,,7.0599,7.1128,
01/02/1939,,,7.1138,7.1128,
01/03/1939,,,7.1408,7.1128,
01/04/1939,,,7.1138,6.9781,
01/05/1939,,,7.0869,7.005,
01/06/1939,,,7.2486,7.2475,
01/07/1939,,,7.4641,7.3822,
01/08/1939,,,7.5719,7.49,
01/09/1939,,,8.03,8.0558,
01/10/1939,,,8.4342,8.5677,
01/11/1939,,,8.6498,8.8102,
01/12/1939,,,8.6498,8.7563,
01/01/1940,,,8.542,8.6216,
01/02/1940,,,8.2725,8.2713,
01/03/1940,,,8.0839,8.0558,
01/04/1940,,,8.2456,8.1097,
01/05/1940,,,8.4881,8.3791,
01/06/1940,,,8.7575,8.7293,
01/07/1940,,,8.8653,8.7563,
01/08/1940,,,8.9192,8.8641,
01/09/1940,,,9.1079,9.1604,
01/10/1940,,,9.2426,9.376,
01/11/1940,,,9.4582,9.6184,
01/12/1940,,,9.7815,9.8879,
01/01/1941,,,10.024,10.1034,
01/02/1941,,,10.3204,10.3189,
01/03/1941,,,10.6438,10.5884,
01/04/1941,,,10.6707,10.5345,
01/05/1941,,,11.1558,11.0464,
01/06/1941,,,11.2366,11.235,
01/07/1941,,,11.3713,11.2619,
01/08/1941,,,11.5061,11.4505,
01/09/1941,,,11.5061,11.5583,
01/10/1941,,,11.6139,11.72,
01/11/1941,,,11.6678,11.8008,
01/12/1941,,,11.8564,11.9355,
01/01/1942,,,12.0989,12.151,
01/02/1942,,,12.3145,12.3127,
01/03/1942,,,12.4492,12.4204,
01/04/1942,,,12.0989,12.0163,
01/05/1942,,,12.1258,12.0702,
01/06/1942,,,12.1528,12.178,
01/07/1942,,,12.4492,12.3935,
01/08/1942,,,12.8264,12.8246,
01/09/1942,,,13.1229,13.121,
01/10/1942,,,13.554,13.579,
01/11/1942,,,13.8774,13.9023,
01/12/1942,,,14.2007,14.1987,
01/01/1943,,,14.3355,14.3603,
01/02/1943,,,14.7127,14.7105,
01/03/1943,,,14.8205,14.8722,
01/04/1943,,,15.0091,15.0339,
01/05/1943,,,15.1169,15.1686,
01/06/1943,,,15.0361,15.1686,
01/07/1943,,,15.4941,15.4649,
01/08/1943,,,15.8175,15.8152,
01/09/1943,,,16.2217,16.1385,
01/10/1943,,,16.4642,16.381,
01/11/1943,,,16.6798,16.5426,
01/12/1943,,,16.4642,16.3001,
01/01/1944,,,16.6528,16.6235,
01/02/1944,,,16.7876,16.839,
01/03/1944,,,16.7606,16.8659,
01/04/1944,,,16.7606,16.8659,
01/05/1944,,,16.6528,16.839,
01/06/1944,,,16.5989,16.8659,
01/07/1944,,,16.572,16.6235,
01/08/1944,,,16.7876,16.7851,
01/09/1944,,,16.6798,16.5426,
01/10/1944,,,16.7337,16.5426,
01/11/1944,,,16.5989,16.4079,
01/12/1944,,,16.545,16.3001,
01/01/1945,,,16.3834,16.3271,
01/02/1945,,,16.3295,16.381,
01/03/1945,,,16.2217,16.3271,
01/04/1945,,,15.9253,16.0577,
01/05/1945,,,15.4941,15.7074,
01/06/1945,,,15.1438,15.411,
01/07/1945,,,14.7935,14.8722,
01/08/1945,,,13.2576,13.2826,
01/09/1945,,,12.072,12.0433,
01/10/1945,,,11.5869,11.5044,
01/11/1945,,,12.0181,11.9355,
01/12/1945,,,12.072,11.9085,
01/01/1946,,,11.3983,11.3966,
01/02/1946,,,10.8324,10.8847,
01/03/1946,,,11.9642,12.0433,
01/04/1946,,,11.7486,11.8008,
01/05/1946,,,11.3175,11.3697,
01/06/1946,,,12.0181,12.151,
01/07/1946,,,12.4223,12.4204,
01/08/1946,,,12.8803,12.8785,
01/09/1946,,,13.1229,13.121,
01/10/1946,,,13.3654,13.2826,
01/11/1946,,,13.4462,13.3365,
01/12/1946,,,13.5271,13.3095,
01/01/1947,,,13.6887,13.579,
01/02/1947,,,13.7696,13.8484,
01/03/1947,,,13.8504,13.9023,
01/04/1947,,,13.7426,13.6329,
01/05/1947,,,13.7965,13.552,
01/06/1947,,,13.7965,13.6598,
01/07/1947,,,13.7157,12.8785,
01/08/1947,,,13.7965,13.8484,
01/09/1947,,,13.9043,14.1987,
01/10/1947,,,14.039,14.6028,
01/11/1947,,,14.2277,14.495,
01/12/1947,,,14.2815,14.2256,
01/01/1948,,,14.3624,14.3064,
01/02/1948,,,14.3893,14.4681,
01/03/1948,,,14.2277,14.2525,
01/04/1948,,,14.2546,14.1178,
01/05/1948,,,14.4971,14.2256,
01/06/1948,,,14.6857,14.495,
01/07/1948,,,14.6857,13.8484,
01/08/1948,,,14.6318,14.6567,
01/09/1948,,,14.5241,14.8991,
01/10/1948,,,14.6319,15.2225,
01/11/1948,,,14.4432,14.7105,
01/12/1948,,,14.3085,14.2525,
01/01/1949,,,14.1738,14.0909,
01/02/1949,,,14.039,14.1178,
01/03/1949,,,13.7696,13.8484,
01/04/1949,,,13.6887,13.552,
01/05/1949,,,13.5001,13.2826,
01/06/1949,,,13.4732,13.3365,
01/07/1949,,,13.4462,12.6629,
01/08/1949,,,13.5809,13.7406,
01/09/1949,,,13.7157,14.0909,
01/10/1949,,,13.2037,13.7945,
01/11/1949,,,13.554,13.7406,
01/12/1949,,,13.7965,13.6598,
01/01/1950,,,14.039,14.0101,
01/02/1950,,,14.0929,14.1987,
01/03/1950,,,14.551,14.6567,
01/04/1950,,,15.036,15.0069,
01/05/1950,,,15.3863,15.1416,
01/06/1950,,,15.8444,15.7344,
01/07/1950,,,16.3564,15.2763,
01/08/1950,,,16.8684,17.0007,
01/09/1950,,,16.7606,17.1354,
01/10/1950,,,16.8684,17.5934,
01/11/1950,,,16.8415,17.0007,
01/12/1950,,,17.1379,16.9737,
01/01/1951,,,17.1917,17.0815,
01/02/1951,,,17.2995,17.4587,
01/03/1951,,,17.3804,17.5934,
01/04/1951,,,17.4073,17.4048,
01/05/1951,,,17.3534,17.1084,
01/06/1951,,,17.2726,17.297,
01/07/1951,,,17.0031,16.0307,
01/08/1951,,,16.8415,16.8929,
01/09/1951,,,16.9492,17.297,
01/10/1951,,,16.9223,17.4317,
01/11/1951,,,17.057,17.2162,
01/12/1951,,,17.1648,16.9737,
01/01/1952,,,17.3534,17.2431,
01/02/1952,,,17.4612,17.6473,
01/03/1952,,,17.5151,17.755,
01/04/1952,,,17.3534,17.297,
01/05/1952,,,17.1918,17.0007,
01/06/1952,,,17.0301,17.0545,
01/07/1952,,,16.7606,15.8152,
01/08/1952,,,17.8385,17.8089,
01/09/1952,,,18.4852,18.8058,
01/10/1952,,,18.6738,19.183,
01/11/1952,,,19.0511,19.183,
01/12/1952,,,19.1588,18.8866,
01/01/1953,,,19.2127,19.0752,
01/02/1953,,,19.3205,19.5871,
01/03/1953,,,19.4822,19.8296,
01/04/1953,,,19.563,19.641,
01/05/1953,,,19.6708,19.641,
01/06/1953,,,19.59,19.6949,
01/07/1953,,,19.8325,18.725,
01/08/1953,,,19.7247,19.641,
01/09/1953,,,19.3205,19.5332,
01/10/1953,,,19.1588,19.641,
01/11/1953,,,18.7008,18.725,
01/12/1953,,,18.2427,17.9706,
01/01/1954,,,18.1079,18.0514,
01/02/1954,,,18.1618,18.3208,
01/03/1954,,,18.054,18.24,
01/04/1954,,,17.9462,18.0245,
01/05/1954,,,18.054,18.0514,
01/06/1954,,,18.1079,18.267,
01/07/1954,,,18.1349,17.1893,
01/08/1954,,,18.1079,18.0514,
01/09/1954,,,18.1349,18.4286,
01/10/1954,,,18.3505,18.8327,
01/11/1954,,,18.6469,18.8866,
01/12/1954,,,18.8894,18.8058,
01/01/1955,,,19.3205,19.2638,
01/02/1955,,,19.563,19.7757,
01/03/1955,,,20.0211,20.2337,
01/04/1955,,,20.2636,20.3954,
01/05/1955,,,20.587,20.557,
01/06/1955,,,20.6139,20.7995,
01/07/1955,,,20.7756,19.641,
01/08/1955,,,20.7487,20.6379,
01/09/1955,,,20.8834,21.1498,
01/10/1955,,,21.2337,21.7964,
01/11/1955,,,21.2876,21.5809,
01/12/1955,,,21.3684,21.2576,
01/01/1956,,,21.5032,21.3114,
01/02/1956,,,21.3145,21.527,
01/03/1956,,,21.3145,21.5539,
01/04/1956,,,21.4762,21.6886,
01/05/1956,,,21.2876,21.3653,
01/06/1956,,,21.099,21.4731,
01/07/1956,,,20.4522,19.4255,
01/08/1956,,,21.2876,21.2576,
01/09/1956,,,21.7726,22.0389,
01/10/1956,,,21.9613,22.47,
01/11/1956,,,21.7726,22.0389,
01/12/1956,,,22.096,21.8234,
01/01/1957,,,22.0151,21.8234,
01/02/1957,,,22.2307,22.3622,
01/03/1957,,,22.2038,22.3891,
01/04/1957,,,21.9074,21.9311,
01/05/1957,,,21.8265,21.7695,
01/06/1957,,,21.8804,22.2275,
01/07/1957,,,22.0151,20.9073,
01/08/1957,,,22.0152,22.1197,
01/09/1957,,,21.8265,22.1736,
01/10/1957,,,21.5032,22.0389,
01/11/1957,,,20.9912,21.2576,
01/12/1957,,,20.587,20.3415,
01/01/1958,,,20.2097,20.0721,
01/02/1958,,,19.7786,19.8565,
01/03/1958,,,19.5361,19.641,
01/04/1958,,,19.2127,19.2638,
01/05/1958,,,19.4013,19.3716,
01/06/1958,,,19.9133,20.2876,
01/07/1958,,,20.2097,19.3177,
01/08/1958,,,20.6139,20.6648,
01/09/1958,,,20.8026,21.3653,
01/10/1958,,,21.0451,21.5809,
01/11/1958,,,21.6649,21.8772,
01/12/1958,,,21.6918,21.4192,
01/01/1959,,,22.0151,21.7964,
01/02/1959,,,22.4463,22.47,
01/03/1959,,,22.7696,22.9549,
01/04/1959,,,23.2547,23.386,
01/05/1959,,,23.605,23.6554,
01/06/1959,,,23.6319,24.1135,
01/07/1959,,,23.066,22.1467,
01/08/1959,,,22.2846,22.2814,
01/09/1959,,,22.2577,22.7125,
01/10/1959,,,22.096,22.7394,
01/11/1959,,,22.2307,22.3891,
01/12/1959,,,23.605,23.1974,
01/01/1960,,,24.2247,23.871,12.11457154
01/02/1960,,,24.0092,24.0057,12.70347432
01/03/1960,,,23.7936,23.9518,12.70347432
01/04/1960,,,23.605,23.7632,12.95586123
01/05/1960,,,23.578,23.7093,13.0399902
01/06/1960,,,23.2816,23.7632,13.0399902
01/07/1960,,,23.2008,22.3353,13.37650607
01/08/1960,,,23.1738,23.0896,13.54476401
01/09/1960,,,22.9313,23.4399,13.79715092
01/10/1960,,,22.9044,23.5477,13.96540886
01/11/1960,,,22.581,22.7125,14.30192473
01/12/1960,,,22.1499,21.7156,14.3860537
01/01/1961,,,22.1768,21.8234,14.80669855
01/02/1961,,,22.1499,22.0658,14.89082752
01/03/1961,,,22.2846,22.3622,15.31147236
01/04/1961,,,22.7427,22.928,15.31147236
01/05/1961,,,23.093,23.2782,15.64798824
01/06/1961,,,23.4164,23.9518,15.81624618
01/07/1961,,,23.6858,22.7394,16.15276205
01/08/1961,,,23.9014,23.8979,16.40514896
01/09/1961,,,23.8745,24.4637,16.32101999
01/10/1961,,,24.3325,25.0295,16.65753587
01/11/1961,,,24.7098,24.814,16.8257938
01/12/1961,,,24.9253,24.4368,17.07818071
01/01/1962,,,24.7098,24.2482,17.33056762
01/02/1962,,,25.114,25.0025,17.33056762
01/03/1962,,,25.2487,25.3798,17.58295452
01/04/1962,,,25.3026,25.4875,17.33056762
01/05/1962,,,25.2756,25.4875,17.58295452
01/06/1962,,,25.2218,25.8378,17.33056762
01/07/1962,,,25.4643,24.5445,16.99405174
01/08/1962,,,25.4912,25.3259,17.33056762
01/09/1962,,,25.6529,26.2958,17.07818071
01/10/1962,,,25.6799,26.4036,16.99405174
01/11/1962,,,25.7876,25.9186,17.07818071
01/12/1962,,,25.7876,25.272,16.99405174
01/01/1963,,,25.9762,25.4875,17.33056762
01/02/1963,,,26.2727,26.3227,17.83534143
01/03/1963,,,26.4344,26.673,17.9194704
01/04/1963,,,26.6769,26.8885,18.59250215
01/05/1963,,,27.0002,27.1579,18.84488906
01/06/1963,,,27.0811,27.6698,18.67663112
01/07/1963,,,26.9733,25.8378,19.34966287
01/08/1963,,,27.0272,26.5922,19.85443669
01/09/1963,,,27.2966,27.7776,19.85443669
01/10/1963,,,27.4853,28.2356,20.44333947
01/11/1963,,,27.62,27.7237,20.77985535
01/12/1963,,,27.5661,26.9424,20.86398432
01/01/1964,,,27.8086,27.2927,21.11637122
01/02/1964,,,27.9972,28.1009,21.62114504
01/03/1964,,,27.9972,28.2356,21.36875813
01/04/1964,,,28.4553,28.6937,21.70527401
01/05/1964,,,28.617,28.8284,21.95766091
01/06/1964,,,28.6978,29.2864,22.37830576
01/07/1964,,,28.8865,27.5621,22.37830576
01/08/1964,,,29.0751,28.6398,22.37830576
01/09/1964,,,29.1829,29.7983,23.05133751
01/10/1964,,,28.7787,29.5558,22.96720854
01/11/1964,,,29.6679,29.7444,22.71482163
01/12/1964,,,30.0182,29.3672,23.30372442
01/01/1965,,29.65060045,30.3416,29.8522,23.05133751
01/02/1965,,30.61316623,30.5302,30.6335,22.88307957
01/03/1965,,31.17747023,30.9344,31.2801,23.05133751
01/04/1965,,31.02422871,31.0691,31.2801,22.88307957
01/05/1965,,31.68536412,31.3116,31.5226,22.5465637
01/06/1965,,30.99708152,31.5541,32.277,22.96720854
01/07/1965,,33.51839812,31.8506,30.5258,22.96720854
01/08/1965,,32.89549097,31.9853,31.4687,23.05133751
01/09/1965,,32.95127313,32.0661,32.5195,23.13546648
01/10/1965,,33.19950081,32.3895,33.2739,23.13546648
01/11/1965,,33.84286012,32.5242,32.735,23.55611133
01/12/1965,,34.20217873,32.9284,32.1962,23.55611133
01/01/1966,,34.70127152,33.2518,32.6542,23.8926272
01/02/1966,,34.81109686,33.4674,33.5702,23.97675617
01/03/1966,,36.62787153,33.9254,34.2438,24.64978792
01/04/1966,,35.77375925,33.9793,34.1899,25.15456174
01/05/1966,,36.12723299,34.3027,34.4324,25.40694864
01/06/1966,,36.33013164,34.4643,35.2137,25.82759349
01/07/1966,,36.05924909,34.653,33.0314,26.24823833
01/08/1966,,37.57526,34.6799,34.2169,26.66888318
01/09/1966,,38.21951779,35.0033,35.8065,27.08952802
01/10/1966,,38.3774062,35.2458,36.1836,27.59430184
01/11/1966,,37.98638046,35.0033,35.2137,28.18320462
01/12/1966,,39.39084638,35.0841,34.3246,28.7721074
01/01/1967,,37.68517229,35.2496,34.5402,28.94036534
01/02/1967,,35.89269483,34.8498,34.8964,28.68797844
01/03/1967,,36.97239926,34.6534,34.843,29.44513916
01/04/1967,,38.60338478,34.9802,35.0407,29.69752606
01/05/1967,,37.55961897,34.675,34.7555,30.37055782
01/06/1967,,38.80872764,34.6707,35.5506,30.87533163
01/07/1967,,38.23334256,34.5918,33.2121,31.21184751
01/08/1967,,38.65912829,35.2545,35.0322,31.71662132
01/09/1967,,38.10659129,35.1972,36.057,32.64203998
01/10/1967,,37.68922987,35.4839,36.2833,32.97855586
01/11/1967,,38.61140335,35.9914,36.1484,33.65158761
01/12/1967,,38.72950809,36.379,35.5259,33.98810348
01/01/1968,,39.30715383,36.3399,35.5977,33.90397451
01/02/1968,,39.58298276,36.4701,36.5258,34.40874833
01/03/1968,,38.97079924,36.5839,36.8524,34.57700627
01/04/1968,,39.17916596,36.6369,36.6614,34.82939317
01/05/1968,,40.74910413,37.0478,37.1816,35.92306977
01/06/1968,,39.97550594,37.1839,38.1516,35.33416699
01/07/1968,,40.98103384,37.1269,35.7153,35.75481183
01/08/1968,,41.12126209,37.2305,36.7841,36.68023049
01/09/1968,,41.46381899,37.3715,38.2485,36.51197255
01/10/1968,,43.14878973,37.4457,38.3846,37.43739121
01/11/1968,,43.3063207,37.9301,38.2046,38.44693884
01/12/1968,,44.86077241,38.0499,37.1113,38.2786809
01/01/1969,,45.47397999,38.2801,37.471,38.78345472
01/02/1969,,43.97169725,38.525,38.598,39.3723575
01/03/1969,,46.91850975,38.8271,39.0923,39.45648647
01/04/1969,,47.01951467,38.6842,38.7403,40.55016307
01/05/1969,,47.63224887,38.538,38.6556,41.47558173
01/06/1969,,47.02433547,38.9145,39.9034,41.13906585
01/07/1969,,47.30946787,39.12,37.5224,41.72796863
01/08/1969,,48.4595521,39.2099,38.9987,42.06448451
01/09/1969,,49.1576212,39.2011,40.2125,42.98990317
01/10/1969,,50.39412237,39.2125,40.1706,44.16770873
01/11/1969,,48.04961993,38.8429,39.0131,44.16770873
01/12/1969,,49.2202916,38.7387,37.7055,45.00899842
01/01/1970,,49.94296706,38.0213,37.1209,45.59790121
01/02/1970,,50.03807882,37.9963,38.0477,46.10267502
01/03/1970,,47.47318182,37.9469,38.1498,46.4391909
01/04/1970,,52.97059316,37.8494,37.8817,46.85983574
01/05/1970,,49.74735275,37.8053,37.8996,47.44873853
01/06/1970,,50.67855918,37.683,38.6702,48.12177028
01/07/1970,,52.19137232,37.7755,36.4154,48.12177028
01/08/1970,,50.9786177,37.7081,37.6185,47.95351234
01/09/1970,,51.32728031,37.4482,38.4529,48.12177028
01/10/1970,,51.9437726,36.6991,37.5658,48.29002822
01/11/1970,,52.85224688,36.4768,36.5529,47.7852544
01/12/1970,,51.79170006,37.3145,36.2109,48.79480203
01/01/1971,,51.25086243,37.6015,36.6749,48.71067306
01/02/1971,,51.80769854,37.5299,37.6296,48.45828615
01/03/1971,,52.63280875,37.4892,37.6909,48.96305997
01/04/1971,,53.31117924,37.6998,37.7557,48.71067306
01/05/1971,,53.11511086,37.8911,38.0225,47.44873853
01/06/1971,,54.03034779,38.05,39.0299,48.45828615
01/07/1971,,56.31514574,37.9395,36.4928,48.62654409
01/08/1971,,55.99767824,37.7193,37.7338,48.79480203
01/09/1971,,55.15048317,38.3324,39.4571,49.46783378
01/10/1971,,55.08682737,38.6193,39.6553,48.79480203
01/11/1971,,56.19790081,38.7832,38.9063,49.38370481
01/12/1971,,57.53863364,39.2309,37.854,49.04718894
01/01/1972,,58.74760119,40.1688,39.1472,49.38370481
01/02/1972,,60.02429178,40.5837,40.3659,49.88847863
01/03/1972,,60.89405476,40.8655,40.8143,50.89802626
01/04/1972,,61.18065562,41.2656,41.3583,50.56151038
01/05/1972,,62.03329944,41.2706,41.4012,51.3186711
01/06/1972,,63.70281271,41.3786,42.4037,51.57105801
01/07/1972,,63.10663733,41.3347,39.8824,51.48692904
01/08/1972,,64.1942734,41.9046,41.5893,52.83299254
01/09/1972,,65.18646919,42.2284,43.1872,53.42189533
01/10/1972,,64.76587139,42.7745,43.896,54.01079811
01/11/1972,,66.54992453,43.2795,43.7013,55.02034574
01/12/1972,,67.39896482,43.7695,43.0774,56.36640924
01/01/1973,,69.00840646,44.0847,43.0967,57.79660172
01/02/1973,,67.10394927,44.7242,44.6574,58.30137553
01/03/1973,,68.09023262,44.7435,44.855,59.22679419
01/04/1973,,67.35839859,44.6782,44.6717,59.05853625
01/05/1973,,70.06219068,44.9741,45.0746,59.64743903
01/06/1973,,70.71310479,45.0257,46.1372,60.23634182
01/07/1973,,69.92889898,45.1952,43.9568,59.56331006
01/08/1973,,72.07297594,45.1308,44.6659,61.33001841
01/09/1973,,69.88602382,45.4862,46.399,60.48872872
01/10/1973,,71.35666703,45.8531,46.8916,61.33001841
01/11/1973,,72.80914773,46.0654,46.4429,61.9189212
01/12/1973,,72.18596038,45.9344,45.0467,61.9189212
01/01/1974,,79.40638719,45.6298,44.5549,62.25543707
01/02/1974,,75.56044252,45.4951,45.2904,62.08717914
01/03/1974,,74.31359449,45.4952,45.547,60.65698666
01/04/1974,,74.41559449,45.3625,44.9725,59.39505213
01/05/1974,,74.98500911,45.7241,45.8284,59.56331006
01/06/1974,,75.2225325,45.639,46.7461,57.96485965
01/07/1974,,74.8897331,45.7193,44.5119,57.37595687
01/08/1974,,84.47301811,45.2357,45.0218,56.53466718
01/09/1974,,73.83688604,45.2421,46.165,55.9457644
01/10/1974,,75.45102291,45.1011,46.1242,54.76795883
01/11/1974,,71.68630726,43.6158,43.9447,53.84254017
01/12/1974,,70.36127345,42.0553,41.608,52.83299254
01/01/1975,47.66365509,71.13433532,41.475,40.6448,50.81389729
01/02/1975,47.56372558,71.45731673,40.529,40.4793,50.30912347
01/03/1975,46.68585989,78.03579136,40.0796,40.0984,49.63609172
01/04/1975,49.64793157,68.63815864,40.1527,40.2078,50.81389729
01/05/1975,47.24390725,72.09171311,40.0399,40.0296,50.81389729
01/06/1975,48.91152926,72.00289566,40.2987,41.2017,51.3186711
01/07/1975,48.3896236,71.51636597,40.7094,39.4618,51.82344492
01/08/1975,48.62383433,76.72464242,41.1098,41.0535,51.82344492
01/09/1975,49.94710953,72.65252952,41.638,42.3972,52.24408976
01/10/1975,49.39994118,72.79887146,41.8171,42.6047,52.4123477
01/11/1975,50.9896903,72.11791857,41.8764,42.1287,51.57105801
01/12/1975,49.93427701,73.06384119,42.4484,41.8665,52.66473461
01/01/1976,51.71726147,71.5771194,43.0149,42.2074,53.59015326
01/02/1976,54.92642254,70.98338704,43.4515,43.4788,54.93621677
01/03/1976,52.82334501,73.79107191,43.5359,43.7889,55.77750646
01/04/1976,53.87335665,75.28886994,43.7593,43.4349,56.53466718
01/05/1976,54.91675784,76.31261699,43.9359,44.1668,56.36640924
01/06/1976,54.2312756,76.75372595,43.9918,45.1419,57.37595687
01/07/1976,54.78007482,77.34784326,44.2254,43.0144,57.88073068
01/08/1976,54.85422457,78.16931779,44.5365,44.2474,58.04898862
01/09/1976,55.05806391,77.02047105,44.6775,45.2539,57.96485965
01/10/1976,55.52732691,77.57853769,44.6695,45.5112,57.96485965
01/11/1976,54.61946918,78.35313892,45.354,45.5208,58.80614934
01/12/1976,55.24436728,76.14163844,45.8357,45.2217,59.05853625
01/01/1977,54.32017864,79.19961394,45.5276,44.726,59.56331006
01/02/1977,54.57421648,80.63281609,46.2567,46.3339,58.72202037
01/03/1977,55.91960035,80.55765221,46.8356,47.2578,59.56331006
01/04/1977,55.3204842,80.82185004,47.2898,47.2556,59.22679419
01/05/1977,57.24740993,79.5727838,47.6607,47.8282,58.97440728
01/06/1977,55.83216375,78.5341742,48.0196,49.2448,59.4791811
01/07/1977,55.98932602,79.65220915,48.0819,46.845,58.30137553
01/08/1977,55.54071414,80.34532697,48.1315,47.5842,59.56331006
01/09/1977,55.38294849,80.06006333,48.3308,48.8974,59.56331006
01/10/1977,55.67562175,80.31489612,48.4014,49.2126,59.05853625
01/11/1977,56.34060747,78.21225139,48.4924,48.5203,60.23634182
01/12/1977,56.73612171,81.0150332,48.564,47.8864,60.65698666
01/01/1978,57.20353352,81.84282226,47.8693,47.0323,61.24588945
01/02/1978,57.18445199,81.55265255,48.1283,48.3147,60.8252446
01/03/1978,57.97950063,82.0388033,49.0553,49.4118,62.1713081
01/04/1978,60.24333139,79.57864622,50.026,50.4264,62.1713081
01/05/1978,58.05200719,80.64408881,50.2717,50.3282,62.33956604
01/06/1978,57.85933879,81.46234743,50.5939,51.7025,62.67608192
01/07/1978,59.0495932,81.03150572,50.5499,49.0723,63.09672676
01/08/1978,59.74497784,81.6602532,50.7622,50.1964,63.93801645
01/09/1978,60.03758656,83.62784075,50.8856,51.4937,64.44279027
01/10/1978,60.61328104,83.3724987,51.2821,52.109,64.52691924
01/11/1978,60.34562717,83.45492644,51.6737,51.6763,64.86343511
01/12/1978,61.95808262,83.70174853,51.9404,51.2748,65.4523379
01/01/1979,62.49086098,83.43564401,51.6507,50.6281,65.36820893
01/02/1979,62.23361889,78.71543203,51.9097,52.0928,65.28407996
01/03/1979,61.54183495,81.46037959,52.0667,52.7848,65.87298274
01/04/1979,63.53744321,81.42421363,51.4548,51.1493,66.12536965
01/05/1979,62.6413556,83.18501957,51.9061,52.0003,67.55556212
01/06/1979,63.05397542,84.21273738,51.9067,53.0102,67.80794903
01/07/1979,62.44048792,83.740155,51.8258,50.4533,68.31272284
01/08/1979,63.85712572,84.59586774,51.49,51.1761,69.32227047
01/09/1979,62.64912079,83.34423017,51.4847,52.1733,68.06033594
01/10/1979,64.88668195,82.53133374,51.8421,52.5329,69.49052841
01/11/1979,64.18827693,82.24425163,51.7591,51.7711,70.3318181
01/12/1979,65.43077806,80.70031611,51.7974,51.3215,70.07943119
01/01/1980,66.43376019,83.39440959,52.0677,51.2805,70.58420501
01/02/1980,67.26491659,82.82369585,52.0899,52.2797,73.19220305
01/03/1980,69.74575455,85.81007524,51.8687,52.5378,71.25723676
01/04/1980,66.71132769,82.65465407,50.8454,50.7316,72.51917129
01/05/1980,68.98108084,82.15090403,49.5947,49.3943,72.01439748
01/06/1980,69.71245971,83.28354491,48.9621,49.6982,71.25723676
01/07/1980,68.92212996,82.14721996,48.609,47.3081,71.17310779
01/08/1980,68.61268248,81.86692655,48.7646,48.8056,69.06988356
01/09/1980,71.15526937,82.43850542,49.5764,50.2077,70.16356016
01/10/1980,69.43394628,82.99323385,50.2058,50.7681,70.58420501
01/11/1980,70.64669074,83.09321476,51.0418,51.0447,69.65878635
01/12/1980,67.86997264,81.71610057,51.3906,50.9603,70.66833398
01/01/1981,68.08522128,81.33384837,51.0656,50.5984,70.75246294
01/02/1981,70.89326094,83.00263698,50.8554,51.1506,70.50007604
01/03/1981,64.0691886,82.18025422,51.1107,51.7536,70.75246294
01/04/1981,62.95001449,82.86905341,50.8864,50.6752,70.75246294
01/05/1981,62.12721501,82.81548966,51.1788,50.9853,69.65878635
01/06/1981,61.4808052,83.47105311,51.4496,52.1707,71.4254947
01/07/1981,61.86783314,84.41064917,51.7764,50.5635,72.01439748
01/08/1981,60.10006199,78.72207837,51.7129,51.7074,71.76201057
01/09/1981,58.81969645,80.85423369,51.4605,51.7335,72.93981614
01/10/1981,58.57675506,82.38965126,51.0625,51.5155,73.36046098
01/11/1981,59.51469788,81.97327913,50.473,50.4299,73.36046098
01/12/1981,57.71785082,82.04712577,49.9364,49.6846,73.10807408
01/01/1982,59.41599175,80.56140043,48.9114,48.7963,72.68742923
01/02/1982,59.99976026,80.73354083,49.9102,50.3131,72.18265542
01/03/1982,62.70032411,84.19503784,49.5691,50.0666,72.93981614
01/04/1982,63.24711208,81.32817842,49.1146,48.8395,71.93026851
01/05/1982,63.8003584,81.73100022,48.7805,48.4408,71.25723676
01/06/1982,63.41250246,79.86232797,48.6606,49.252,72.18265542
01/07/1982,63.95939765,81.59152315,48.4863,47.4163,72.01439748
01/08/1982,63.94867484,76.77432662,48.0569,48.1238,72.09852645
01/09/1982,63.20346165,83.91385323,47.9303,48.337,72.43504232
01/10/1982,61.19928803,80.65970322,47.4738,47.883,70.3318181
01/11/1982,59.76871366,82.21287445,47.32,47.1647,72.09852645
01/12/1982,59.1494665,80.30871993,46.9813,46.5618,71.34136573
01/01/1983,58.06003289,83.81896484,47.8523,47.8338,71.93026851
01/02/1983,56.83493547,83.05493461,47.5667,47.98,71.6778816
01/03/1983,58.94187411,84.77407506,47.9599,48.4943,72.68742923
01/04/1983,58.38854351,82.84342838,48.5564,48.3932,72.68742923
01/05/1983,60.04785983,83.47792701,48.8647,48.5238,73.02394511
01/06/1983,57.99362963,83.21458228,49.1558,49.8568,73.78110583
01/07/1983,57.84820149,82.01077436,49.8873,48.8179,73.52871892
01/08/1983,59.18333946,82.33126465,50.4843,50.4686,75.2112983
01/09/1983,58.92985368,83.77793492,51.216,51.7512,76.22084593
01/10/1983,59.49052872,82.81449822,51.6139,52.0192,75.88433005
01/11/1983,59.83060523,83.12084573,51.842,51.5033,76.64149078
01/12/1983,60.58973426,85.09220755,52.0948,51.4518,77.6510384
01/01/1984,59.37828592,85.01203836,53.1348,53.1408,78.23994119
01/02/1984,61.70448429,84.23593143,53.3763,53.8746,80.17490747
01/03/1984,58.87780497,82.81350378,53.6314,54.2743,79.50187572
01/04/1984,61.34003137,83.67028214,53.9491,53.8653,79.24948882
01/05/1984,63.27033996,83.38485309,54.2396,53.8322,80.67968129
01/06/1984,64.2905351,83.45265385,54.4288,55.1425,81.1844551
01/07/1984,63.89938347,83.90389173,54.5865,53.3088,81.1844551
01/08/1984,63.52003256,87.62847784,54.653,54.6278,82.36226067
01/09/1984,63.1474987,84.36645647,54.4949,55.1475,81.1844551
01/10/1984,64.04604885,84.57537032,54.4772,54.7816,83.54006624
01/11/1984,64.66599206,83.48410822,54.6594,54.2839,83.54006624
01/12/1984,66.16067587,84.25170823,54.6892,54.041,83.03529242
01/01/1985,66.54121744,84.49886114,54.6505,54.6042,83.87658211
01/02/1985,65.28216754,84.15197693,54.8169,55.3804,83.6241952
01/03/1985,67.10091535,84.58169287,54.8978,55.4442,82.95116345
01/04/1985,61.85738373,85.03658474,54.7833,54.4598,84.29722696
01/05/1985,65.83387117,84.61395623,54.8704,54.4263,85.13851665
01/06/1985,66.92131485,83.18051549,54.8401,55.6402,83.79245314
01/07/1985,68.77935414,85.96075285,54.5582,53.3005,85.05438768
01/08/1985,69.38368981,87.08277361,54.7381,54.8289,84.29722696
01/09/1985,70.1974902,86.68849483,54.9416,55.6219,83.6241952
01/10/1985,71.62038339,87.62084106,54.7538,55.0782,84.46548489
01/11/1985,71.84380239,87.60555546,54.939,54.5477,84.29722696
01/12/1985,73.09029635,86.96687555,55.4945,54.9521,84.29722696
01/01/1986,74.35039716,86.90715064,55.7802,55.8555,84.12896902
01/02/1986,74.26116093,87.65479758,55.3994,55.9766,84.12896902
01/03/1986,70.07861474,89.3539629,55.0001,55.2408,84.04484005
01/04/1986,74.07734525,88.87191624,55.0641,55.029,84.04484005
01/05/1986,73.74454404,85.79293709,55.1705,54.6618,84.04484005
01/06/1986,75.53665697,91.05795911,54.9588,55.8037,84.29722696
01/07/1986,75.6025418,87.74765498,55.2944,53.92,84.29722696
01/08/1986,76.26096183,86.67914383,55.2029,55.4569,82.2781317
01/09/1986,78.87032955,88.25667297,55.3511,56.0697,85.05438768
01/10/1986,79.75753392,89.37417061,55.5857,55.9044,83.96071108
01/11/1986,78.90063999,88.8383988,55.803,55.4248,82.78290551
01/12/1986,77.16624665,90.16919908,56.3441,55.6112,84.7178718
01/01/1987,79.59549548,86.91732266,56.1259,56.0809,84.46548489
01/02/1987,83.97081438,91.7289906,56.8779,57.3972,84.04484005
01/03/1987,79.57597657,91.1023533,56.9516,57.4315,85.30677458
01/04/1987,80.6686816,91.35570044,57.3177,56.7262,84.63374283
01/05/1987,79.60970301,93.15374397,57.6774,57.2273,83.28767933
01/06/1987,74.86872443,92.97293725,57.9875,58.9729,86.40045118
01/07/1987,70.92345063,96.38246243,58.379,57.0593,87.1576119
01/08/1987,71.96552184,90.51468585,58.8171,59.2831,87.1576119
01/09/1987,73.91502676,93.94967567,59.0391,59.6222,88.50367541
01/10/1987,74.41784866,93.50562948,59.834,60.3344,89.93386788
01/11/1987,76.79542765,94.03837283,60.1367,59.8319,90.27038376
01/12/1987,74.44178591,93.25978178,60.4739,59.6509,91.27993138
01/01/1988,74.60248307,91.68136245,60.4594,60.341,91.57341272
01/02/1988,74.70705922,93.8886646,60.7643,61.0576,94.51430859
01/03/1988,78.60875376,97.73229753,60.8948,61.1295,92.68892495
01/04/1988,75.31034622,93.59442689,61.2475,60.6594,94.9199494
01/05/1988,73.91850057,95.17971511,61.1353,60.6241,93.90584737
01/06/1988,76.07891506,94.6191804,61.2995,62.406,94.21007798
01/07/1988,73.56711063,96.09043114,61.311,60.0435,94.61571879
01/08/1988,74.1369092,95.50998245,61.6234,62.0888,95.1227698
01/09/1988,72.95241349,95.25993442,61.4255,62.3689,96.64392284
01/10/1988,69.92127067,95.95879336,61.694,62.3463,95.32559021
01/11/1988,69.72812791,97.77807813,61.8494,61.5209,97.35379425
01/12/1988,73.8892588,97.35252041,62.1171,61.2354,98.06366567
01/01/1989,73.17436834,98.93760313,62.3103,61.9987,98.87494729
01/02/1989,69.95049939,98.93567339,62.0353,62.2435,98.26648608
01/03/1989,72.47372141,101.695692,62.195,61.961,101.8158432
01/04/1989,74.59567502,99.35898859,62.1753,62.0689,100.1932799
01/05/1989,76.52096495,99.66308856,61.8321,61.2132,100.2946901
01/06/1989,79.25212012,100.5186269,61.8246,62.8812,101.5116126
01/07/1989,78.38872053,101.4988459,61.2285,59.8624,99.3819983
01/08/1989,78.28730531,99.50046256,61.8334,62.4454,101.1059717
01/09/1989,77.08762083,101.3772277,61.6221,62.5623,100.8017411
01/10/1989,77.92159275,100.2132036,61.5537,62.2173,100.1932799
01/11/1989,77.15233657,100.5115054,61.7575,61.5046,100.9031513
01/12/1989,78.5966318,100.6102071,62.1111,61.52,101.5116126
01/01/1990,76.80928465,100.9642319,61.7781,61.5057,100.9031513
01/02/1990,76.09711951,98.43871405,62.3426,62.4233,101.4102023
01/03/1990,70.20093858,99.46479182,62.6446,62.7574,103.235586
01/04/1990,53.52836055,100.8174268,62.5104,61.4839,103.4384064
01/05/1990,66.99470744,99.75395807,62.6898,62.1161,104.1482778
01/06/1990,66.77555192,102.3607498,62.8923,64.0075,104.4525084
01/07/1990,70.5231021,99.31021663,62.7933,61.6123,105.3652002
01/08/1990,72.18763462,98.01812355,63.0241,63.7482,106.2778921
01/09/1990,72.75302067,101.425716,63.0328,64.2235,105.3652002
01/10/1990,71.46356295,97.36973676,62.6466,63.3289,107.4948145
01/11/1990,69.85407736,100.5260672,61.8681,61.6514,106.7849431
01/12/1990,65.57333725,100.0355246,61.4345,60.7988,106.8863533
01/01/1991,64.28949287,100.1384708,61.2241,61.081,107.5962247
01/02/1991,63.25398097,98.54781239,60.779,60.8542,108.0018655
01/03/1991,62.49928586,95.1175873,60.4377,60.1754,106.9877635
01/04/1991,66.75541527,102.2133874,60.5982,60.1822,107.3934043
01/05/1991,67.90500898,97.181187,61.2041,60.5869,108.5089165
01/06/1991,70.82725866,100.2274607,61.6923,62.8648,105.3652002
01/07/1991,72.21379154,97.77390887,61.8569,60.6021,107.6976349
01/08/1991,72.70522091,97.54704988,61.8681,62.7894,105.9736615
01/09/1991,69.65133837,99.98698824,62.3855,63.4698,106.0750717
01/10/1991,71.38011671,100.5870752,62.3229,63.01,105.3652002
01/11/1991,67.10643625,100.2933919,62.2427,61.8875,106.0750717
01/12/1991,63.01704181,101.3006875,61.9705,61.0784,104.6553288
01/01/1992,63.20132782,99.7250831,61.6471,61.3,103.9454574
01/02/1992,65.38643344,100.0360834,62.0794,62.1689,103.6412268
01/03/1992,64.39479916,98.77208231,62.5955,62.8366,102.1200738
01/04/1992,64.78969777,98.71908227,63.0726,62.1975,101.6130228
01/05/1992,63.30663412,97.74108145,63.2761,62.7035,99.2805881
01/06/1992,64.43867679,96.5960805,63.3102,64.3912,101.3087921
01/07/1992,64.44745231,95.57707965,63.8769,62.4055,101.1059717
01/08/1992,64.0876558,95.16807931,63.5221,64.3805,98.16507587
01/09/1992,65.6233726,94.58407882,63.7217,64.5537,101.9172534
01/10/1992,65.6584747,93.88307824,64.1556,64.8933,98.77353709
01/11/1992,66.96602786,92.27307689,64.4144,64.3619,97.55661466
01/12/1992,66.23765932,90.76807564,64.5161,63.995,97.15097385
01/01/1993,67.5890901,92.11207676,64.7738,64.3472,99.1791779
01/02/1993,69.03705165,90.7200756,65.0805,65.2628,99.3819983
01/03/1993,68.79133696,90.9540758,65.0176,65.2931,96.03546162
01/04/1993,69.47582788,90.46607539,65.2041,64.3251,97.86084527
01/05/1993,71.1256265,91.194076,64.9433,64.3489,99.1791779
01/06/1993,70.58154397,90.50107542,65.0984,66.1929,97.35379425
01/07/1993,70.99399363,91.36907614,65.2554,63.9317,97.25238405
01/08/1993,70.22174747,89.98007498,65.1946,66.1385,96.33969223
01/09/1993,69.94093068,92.52707711,65.5282,66.4586,96.64392284
01/10/1993,70.5903195,93.20007767,66.0152,66.6756,95.83264122
01/11/1993,70.16031879,93.63007803,66.3292,66.1929,95.62982081
01/12/1993,71.35379013,93.88107823,66.7038,65.9769,94.9199494
01/01/1994,72.4507307,93.604078,66.9164,66.5518,94.51430859
01/02/1994,71.22215727,96.22308019,66.9642,67.147,95.32559021
01/03/1994,71.9154237,96.20608017,67.6335,67.9393,96.33969223
01/04/1994,71.59950482,97.70908142,68.0334,67.2028,97.25238405
01/05/1994,73.44236498,97.02108085,68.3531,67.641,97.15097385
01/06/1994,73.73195729,98.58108215,68.8002,69.9793,98.36789628
01/07/1994,74.07420274,99.85108321,68.8863,67.1578,99.3819983
01/08/1994,77.47910627,99.9650833,69.3412,70.2076,100.1932799
01/09/1994,77.90910697,100.0200834,69.5574,70.7533,99.1791779
01/10/1994,77.96176012,101.0150842,70.119,70.8558,100.1932799
01/11/1994,79.20788461,102.6000855,70.5942,70.4704,100.8017411
01/12/1994,83.55176926,105.3000878,71.2814,70.5743,101.5116126
01/01/1995,82.20033848,104.8260874,71.4303,70.7735,99.4834085
01/02/1995,81.87564407,103.7620865,71.3343,71.5375,100.9031513
01/03/1995,81.87564407,103.6010863,71.4451,71.9657,101.9172534
01/04/1995,80.63829511,104.0670867,71.3289,70.0889,103.1341758
01/05/1995,71.59950482,104.8990874,71.66,70.7132,101.4102023
01/06/1995,76.49624752,104.1680868,71.8967,73.2018,101.3087921
01/07/1995,74.60073422,103.7030864,71.5924,70.0088,99.88904931
01/08/1995,72.89828245,103.229086,72.5339,73.5754,101.4102023
01/09/1995,73.5564468,103.7520865,72.8247,74.228,99.78763911
01/10/1995,74.49542792,103.0010858,72.713,73.3486,101.3087921
01/11/1995,74.97808177,103.5270863,72.8884,72.7575,102.1200738
01/12/1995,75.81175661,104.417087,73.1429,72.592,103.4384064
01/01/1996,74.93420415,101.0470842,72.7471,72.0678,101.9172534
01/02/1996,74.53930555,101.1450843,73.7871,73.8436,101.8158432
01/03/1996,74.4164482,101.4110845,73.6749,74.1594,101.714433
01/04/1996,76.35583913,100.6960839,74.4153,73.2517,102.0186636
01/05/1996,76.37339018,101.971085,74.9718,73.8512,102.6271248
01/06/1996,76.16277759,103.2800861,75.5317,76.8633,102.8299452
01/07/1996,80.41013147,102.0890851,75.5323,73.5601,103.4384064
01/08/1996,78.73400628,102.7750856,75.9129,77.0359,103.5398166
01/09/1996,79.68176293,103.173086,76.4032,78.0855,104.6553288
01/10/1996,80.22584546,103.2730861,76.3931,77.2068,105.26379
01/11/1996,80.72605036,104.7160873,77.0672,77.1008,105.770841
01/12/1996,80.00645734,103.175086,77.5543,76.965,106.7849431
01/01/1997,80.06788601,105.9510883,77.6945,77.0456,108.4075063
01/02/1997,80.43645805,105.0960876,78.612,78.6891,108.4075063
01/03/1997,81.43686784,109.3130911,79.1021,79.4891,108.8131471
01/04/1997,79.85727342,108.7000906,79.1683,78.5949,106.0750717
01/05/1997,79.39217062,108.03009,79.6084,78.6535,109.2187879
01/06/1997,82.29686925,109.0840909,79.9802,81.0915,108.6103267
01/07/1997,81.26135735,110.2060918,80.6492,77.8685,108.9145573
01/08/1997,81.92829722,112.1500935,81.4548,82.2291,108.4075063
01/09/1997,83.93789234,111.7500931,82.212,83.6521,107.6976349
01/10/1997,84.37666857,112.6740939,82.9309,83.7363,106.9877635
01/11/1997,80.60319301,111.614093,83.5919,84.0526,105.6694308
01/12/1997,77.07543214,111.8170932,83.9696,83.8715,104.6553288
01/01/1998,78.48829159,113.3950945,84.3467,83.5069,106.1942642
01/02/1998,79.95380419,115.8510965,84.4865,84.64,103.4304495
01/03/1998,79.62033426,114.6460955,84.5212,85.4059,101.1981376
01/04/1998,80.2784986,115.3550961,84.8275,83.3446,100.9855365
01/05/1998,81.85809302,115.7930965,85.3596,84.5818,100.2414326
01/06/1998,80.69094826,115.6020963,84.8466,85.8842,100.2414326
01/07/1998,81.3842147,115.4100962,84.5061,82.6903,100.0288314
01/08/1998,80.03278392,115.4660962,86.2464,87.3293,98.22172183
01/09/1998,79.68176293,115.7040964,86.1707,87.06,99.4973286
01/10/1998,77.30359578,117.0100975,86.7671,87.7642,98.96582578
01/11/1998,77.97931117,116.4880971,86.6929,86.883,98.43432295
01/12/1998,75.32910276,117.3570978,87.0633,86.7444,98.32802239
01/01/1999,77.65461676,118.2960986,87.4252,86.7754,99.60362917
01/02/1999,76.44359437,116.403097,87.926,87.7954,99.60362917
01/03/1999,76.54890067,115.1330959,88.1101,89.1081,100.8792359
01/04/1999,77.87400488,117.0780976,88.3106,87.2259,99.17842691
01/05/1999,79.28686433,117.0070975,88.8487,88.0803,100.7729354
01/06/1999,78.72523076,118.1610985,88.7978,90.3914,100.0288314
01/07/1999,77.74237201,119.7760998,89.3119,86.7101,100.5603342
01/08/1999,79.04114964,118.5570988,89.7109,90.9616,101.5170393
01/09/1999,80.06788601,119.9050999,89.3331,90.491,102.2611433
01/10/1999,81.36666365,120.4201004,90.4924,91.5282,102.1548427
01/11/1999,80.7436014,121.167101,90.965,90.9034,103.2178484
01/12/1999,81.45441889,121.9991017,91.6804,90.9412,103.1115478
01/01/2000,80.68217273,122.4801021,91.6261,90.7125,103.0052472
01/02/2000,80.78747903,122.9731025,91.9626,91.4934,102.8989467
01/03/2000,82.11258323,124.1001034,92.3118,93.1033,104.3871546
01/04/2000,82.87605387,123.6911031,92.8872,91.8422,105.9816631
01/05/2000,82.63911471,124.782104,93.162,92.1629,105.3438597
01/06/2000,84.65748535,123.6631031,93.2168,95.1094,106.725767
01/07/2000,85.25422102,124.6431039,93.04,90.6214,106.5131659
01/08/2000,85.23666998,123.5141029,92.79,94.109,108.0013738
01/09/2000,84.21870913,123.6731031,93.1547,94.5848,105.7690619
01/10/2000,86.04401823,122.3271019,92.8361,93.7691,107.3635704
01/11/2000,85.32442522,125.3711045,92.8395,92.6799,107.7887727
01/12/2000,89.15932945,126.4291054,92.5334,92.1725,108.8517783
01/01/2001,87.00055041,123.4461029,92.0304,91.0389,104.8123568
01/02/2001,87.89565391,123.1991027,91.4079,91.1169,105.7690619
01/03/2001,86.65830495,122.5751021,91.1751,92.046,103.9619523
01/04/2001,86.35993712,121.4451012,90.8767,88.9794,103.2178484
01/05/2001,87.02687698,123.0881026,90.375,89.7269,101.1981376
01/06/2001,85.94748746,123.4641029,89.8626,91.8507,100.135132
01/07/2001,85.73687487,121.6221014,89.3288,87.544,98.75322465
01/08/2001,85.75442592,125.3051044,89.2201,90.9901,97.37131731
01/09/2001,84.11340283,122.8721024,88.7478,90.2033,95.56420771
01/10/2001,82.18278743,121.9141016,88.4755,89.156,95.56420771
01/11/2001,83.13931961,119.8420999,87.9631,87.6105,94.0759998
01/12/2001,83.38503429,119.8450999,87.9329,87.1331,95.03270488
01/01/2002,85.76933664,121.0821009,88.5452,87.5922,94.50120206
01/02/2002,87.86127168,121.7431015,88.5362,88.2214,95.67050827
01/03/2002,87.31076246,121.4351012,89.2097,89.6549,96.09571053
01/04/2002,87.4208643,122.4811021,89.6389,88.8224,95.98940997
01/05/2002,87.4208643,121.4301012,90.0271,89.2886,99.8162303
01/06/2002,87.75116983,121.4241012,90.7645,92.9121,98.64692408
01/07/2002,88.08147536,121.9981017,90.7437,88.4119,99.39102804
01/08/2002,87.09055877,122.8321024,90.6268,92.4904,99.8162303
01/09/2002,87.64106799,123.1371026,90.7241,92.3812,100.4540337
01/10/2002,87.97137352,123.8731032,90.4879,91.2648,100.4540337
01/11/2002,87.97137352,123.4491029,90.9823,90.2901,100.3477331
01/12/2002,87.75116983,122.6821022,90.4919,89.4483,100.2414326
01/01/2003,87.86127168,123.624103,91.2395,90.1841,101.6233399
01/02/2003,87.53096614,124.0291034,91.3384,91.1005,101.1885876
01/03/2003,87.4208643,123.640103,91.069,91.7652,101.9494041
01/04/2003,87.31076246,123.9591033,90.4913,89.2297,100.5364593
01/05/2003,85.98954032,122.9181024,90.4697,89.7821,101.840716
01/06/2003,86.31984586,123.3401028,90.5899,92.5648,100.9712115
01/07/2003,85.54913295,123.7061031,91.0614,88.581,101.4059638
01/08/2003,86.87035508,123.9001033,90.8452,92.819,100.4277712
01/09/2003,89.4026975,123.1871027,91.4453,93.0794,103.471037
01/10/2003,89.62290118,125.2451044,91.5595,92.2664,104.6666057
01/11/2003,90.83402147,124.3301036,92.1763,91.8366,104.8839818
01/12/2003,89.4026975,123.6941031,92.2532,91.3299,104.5579176
01/01/2004,91.05422516,123.7631031,92.4067,91.2031,106.4056147
01/02/2004,92.48554913,124.6031038,92.9687,92.89,106.0795505
01/03/2004,92.92595651,125.996105,92.6,93.2248,105.5361102
01/04/2004,93.69666942,125.6051047,92.9761,91.5651,107.3838073
01/05/2004,94.68758602,126.3401053,93.6446,92.959,107.4924954
01/06/2004,94.90778971,126.5161054,92.9303,95.1016,107.8185595
01/07/2004,95.56840077,126.7471056,93.6109,92.0857,109.3401924
01/08/2004,96.55931737,125.0771042,93.6958,95.5756,107.8185595
01/09/2004,97.10982659,127.0621059,93.7958,94.9869,108.1446237
01/10/2004,96.44921552,125.960105,94.6226,95.2442,106.0795505
01/11/2004,96.44921552,126.8731057,94.8491,94.2529,107.3838073
01/12/2004,96.99972475,124.2751036,95.5841,94.5958,105.9708625
01/01/2005,97.55023397,124.756104,95.9285,94.8578,108.4706879
01/02/2005,96.22901184,125.3141044,96.6287,95.9938,108.4706879
01/03/2005,97.10982659,126.2111052,96.4907,96.455,108.7967521
01/04/2005,97.21992843,127.4291062,96.6809,95.7931,109.2315044
01/05/2005,100.3027801,126.4121053,96.7925,96.0596,108.3619999
01/06/2005,98.54115056,127.0271059,97.19,99.3987,108.7967521
01/07/2005,97.8805395,127.190106,96.8981,95.7331,108.1446237
01/08/2005,97.99064134,128.1301068,97.2223,99.2238,108.1446237
01/09/2005,97.44013212,127.6181063,95.3463,96.8482,109.0141283
01/10/2005,96.77952106,127.0021058,96.4981,97.024,108.0359357
01/11/2005,97.77043765,128.6181072,97.5646,96.7492,110.209697
01/12/2005,99.42196532,129.639108,98.0222,97.1265,110.6444492
01/01/2006,99.75227085,130.5131088,98.2044,96.5899,110.9705134
01/02/2006,100.6330856,130.2941086,98.2404,97.3206,110.7531373
01/03/2006,99.97247454,130.9731091,98.4742,98.6101,111.5139537
01/04/2006,100.5229838,130.1591085,98.7765,96.7838,113.5790269
01/05/2006,101.1835948,131.7821098,98.7884,98.1272,111.8400179
01/06/2006,99.75227085,132.2241102,99.1069,101.5223,113.3616508
01/07/2006,100.6330856,131.9241099,99.0357,98.4751,113.7964031
01/08/2006,100.5229838,131.6141097,99.4583,101.8604,114.1224673
01/09/2006,99.75227085,132.5771105,99.2544,100.8608,114.0137792
01/10/2006,100.1926782,132.3501103,99.1514,99.674,114.4485315
01/11/2006,101.5139004,134.0561117,99.0974,98.4537,115.5354121
01/12/2006,102.3947151,135.6971131,100.1117,99.4217,115.6441002
01/01/2007,102.0644096,134.7681123,99.7226,98.3468,114.4485315
01/02/2007,103.3856317,134.0491117,100.6919,99.8513,115.1006598
01/03/2007,104.7068538,135.6921131,100.8857,100.9561,115.1006598
01/04/2007,105.6977704,133.167111,101.5777,100.0886,114.7745956
01/05/2007,106.028076,136.2901136,101.6481,101.0222,116.0788524
01/06/2007,106.688687,136.1631135,101.6741,104.0433,116.0788524
01/07/2007,106.2482797,133.7181114,101.5627,100.8053,116.1875405
01/08/2007,107.6796036,133.8701116,101.7751,104.1172,119.1221182
01/09/2007,107.1290944,134.379112,102.0279,103.6148,117.3831092
01/10/2007,109.551335,134.6321122,101.7289,101.9976,118.9047421
01/11/2007,108.5604184,133.6271114,102.3185,101.5272,117.7091734
01/12/2007,108.8907239,133.3671111,102.3074,101.5502,118.3613018
01/01/2008,110.6523534,133.7871115,102.1686,100.924,119.1653018
01/02/2008,110.3220479,133.6751114,101.7673,100.6857,119.4732224
01/03/2008,110.7624553,131.2361094,101.3986,100.9586,118.2415397
01/04/2008,110.7624553,132.04611,100.7238,99.661,117.7283386
01/05/2008,111.4230663,128.6631072,100.1399,99.3474,118.34418
01/06/2008,113.1846958,124.6081038,99.9141,102.0174,115.162333
01/07/2008,113.5150014,126.4781054,99.4943,99.3429,115.162333
01/08/2008,112.3038811,123.1411026,97.9367,100.0472,110.9540837
01/09/2008,113.7352051,122.5261021,93.6585,94.9755,112.3910469
01/10/2008,110.2119461,115.219096,94.5845,94.6721,109.9276815
01/11/2008,103.9361409,112.4510937,93.3455,92.6499,102.8455059
01/12/2008,92.26534544,106.5910888,90.7183,90.5683,94.53164765
01/01/2009,94.1370768,105.617088,88.4683,88.0238,86.93627096
01/02/2009,96.44921552,105.3150878,87.936,87.2845,79.64881496
01/03/2009,96.8896229,102.5640855,86.5503,86.344,80.36729653
01/04/2009,98.10074319,103.4460862,85.8598,84.0124,83.8570642
01/05/2009,99.53206716,102.7840857,84.9991,84.2023,86.93627096
01/06/2009,100.6330856,103.7560865,84.7277,86.3857,88.37323412
01/07/2009,101.9543077,104.7430873,85.7091,85.8149,89.39963637
01/08/2009,103.6058354,105.2040877,86.6333,88.8133,90.7339593
01/09/2009,105.2573631,106.2580885,87.3615,88.0479,93.50524539
01/10/2009,107.2391963,105.9810883,87.5488,87.6336,96.07125103
01/11/2009,108.7806221,105.542088,87.9144,87.3115,98.02141531
01/12/2009,109.1109276,104.9620875,88.2318,88.0662,98.84253712
01/01/2010,110.8725571,104.0510867,89.1936,88.9534,101.1006221
01/02/2010,110.6523534,104.0550867,89.5089,89.0138,101.4085428
01/03/2010,113.074594,106.3450886,90.1449,90.0905,101.7164634
01/04/2010,113.5150014,106.7070889,90.474,89.1235,102.9481461
01/05/2010,113.2947977,106.2290885,91.7131,90.8856,102.5375852
01/06/2010,112.7442885,106.3200886,91.9287,93.6612,101.9217439
01/07/2010,112.0836774,105.1210876,92.2737,92.0793,103.1534266
01/08/2010,111.7533719,104.2200869,92.615,94.6733,103.6666277
01/09/2010,111.9735756,104.8560874,92.8668,93.576,105.0009506
01/10/2010,111.7533719,105.4990879,92.6138,92.632,102.0243841
01/11/2010,112.4139829,108.02609,92.6772,91.7476,103.7692679
01/12/2010,112.9644922,105.3660878,93.5741,93.1475,104.0771886
01/01/2011,113.4048995,105.8510882,93.3793,93.0592,104.7956702
01/02/2011,114.6160198,106.2790886,93.0051,92.2828,105.2062311
01/03/2011,115.166529,105.4160878,93.978,93.9167,88.57851457
01/04/2011,112.3038811,104.9170874,93.6525,92.1145,90.22075818
01/05/2011,115.6069364,104.0560867,93.7878,92.8332,96.17389125
01/06/2011,113.4048995,104.453087,94.0378,95.6296,100.0742198
01/07/2011,113.4048995,104.6740872,94.5146,94.5946,100.9979819
01/08/2011,112.1937792,104.5800872,95.1263,97.0261,102.5375852
01/09/2011,110.5422516,103.157086,95.0732,95.9723,101.9217439
01/10/2011,109.4412331,101.6540847,95.7291,95.7394,103.5639875
01/11/2011,109.9917424,101.1110843,95.7455,95.0955,101.511183
01/12/2011,112.7442885,102.3080853,96.2147,95.9803,103.5639875
01/01/2012,108.0099092,100.6910839,96.8051,96.3859,103.8719082
01/02/2012,108.8907239,99.46708289,97.1033,96.6049,103.6666277
01/03/2012,108.2301129,97.9160816,96.5973,96.6868,103.4613473
01/04/2012,108.3402147,97.13308094,97.3006,95.8342,102.9481461
01/05/2012,108.8907239,97.62508135,97.5046,96.6179,101.1006221
01/06/2012,109.1109276,97.68808141,97.4903,99.0747,100.3821405
01/07/2012,110.5422516,96.95308079,97.7234,97.6293,99.86893937
01/08/2012,112.6341866,98.87208239,97.313,99.2619,98.63725666
01/09/2012,110.8725571,95.7590798,97.2405,98.2391,96.48181193
01/10/2012,112.3038811,96.2430802,97.561,97.3745,96.78973261
01/11/2012,110.7624553,93.96907831,97.9589,97.3079,96.07125103
01/12/2012,111.5331682,94.36307864,98.2061,97.787,97.40557396
01/01/2013,112.6341866,95.14107928,98.199,97.8947,95.39205066
01/02/2013,109.551335,94.61007884,98.6835,98.1823,96.99191734
01/03/2013,111.64327,95.40607951,99.0994,98.8298,97.89184235
01/04/2013,113.4048995,94.38007865,98.9898,97.8708,98.09182568
01/05/2013,113.074594,94.94207912,99.0782,98.0839,99.59170069
01/06/2013,113.7352051,95.82507985,99.2141,100.7332,98.59178402
01/07/2013,112.9644922,95.83607986,98.9132,98.8826,100.091659
01/08/2013,113.074594,96.64808054,99.4891,101.5421,100.391634
01/09/2013,113.7352051,96.33108028,100.0172,100.9465,101.1915674
01/10/2013,112.5240848,95.59807967,99.9038,99.7944,101.4915424
01/11/2013,113.1846958,96.43008036,100.1479,99.5396,101.891509
01/12/2013,109.1109276,96.67608056,100.3576,99.7931,101.891509
01/01/2014,110.982659,96.55108046,99.9828,99.7376,103.5913674
01/02/2014,111.5331682,97.11508093,100.7485,100.3572,102.8914257
01/03/2014,111.2028626,96.4810804,101.7391,101.8167,104.2913091
01/04/2014,110.3220479,97.51808127,101.8023,100.3782,99.79168403
01/05/2014,109.1109276,97.12808094,102.2116,101.2526,101.891509
01/06/2014,105.9179741,96.64208054,102.5637,104.1158,100.5916174
01/07/2014,108.6705202,96.54808046,102.8425,102.3896,100.391634
01/08/2014,109.1109276,97.02008085,102.6499,104.8155,99.49170902
01/09/2014,109.2210295,97.26208105,102.9647,103.9419,100.5916174
01/10/2014,109.3311313,96.81708068,102.9704,102.8638,100.5916174
01/11/2014,108.4503165,96.42308035,103.6017,103.0515,100.5916174
01/12/2014,105.2573631,96.65108054,103.592,102.9489,100.1916507
01/01/2015,105.9179741,96.85408071,102.798,102.393,102.6914424
01/02/2015,105.1472612,98.11108176,102.1554,101.9548,99.79168403
01/03/2015,104.4866502,98.83608236,101.8077,101.9032,99.29172569
01/04/2015,102.504817,99.75608313,101.2285,99.6262,99.69169236
01/05/2015,101.5139004,100.9320841,100.7536,99.8245,99.69169236
01/06/2015,100.5229838,101.1230843,100.4529,102.2464,100.4916257
01/07/2015,98.76135425,102.0690851,101.11,101.0468,100.391634
01/08/2015,99.31186347,99.78708316,100.8802,103.262,98.79176735
01/09/2015,96.99972475,101.1840843,100.608,101.0421,100.4916257
01/10/2015,96.77952106,100.5620838,100.151,100.0499,100.5916174
01/11/2015,95.12799339,100.4860837,99.3817,98.7327,99.99166736
01/12/2015,93.69666942,100.3000836,98.8572,98.1026,98.09182568
01/01/2016,94.68758602,101.8440849,99.4086,99.0226,100.2916424
01/02/2016,93.58656758,101.4490845,98.8946,98.4697,99.49170902
01/03/2016,94.02697495,102.3580853,98.1385,97.5846,99.89167569
01/04/2016,94.1370768,102.5530855,98.4364,97.1406,99.19173402
01/05/2016,94.24717864,100.3500836,98.2096,97.0542,98.69177569
01/06/2016,93.25626204,100.6600839,98.6766,100.3595,99.19173402
01/07/2016,93.91687311,100.801084,98.8371,98.6553,99.69169236
01/08/2016,92.04514176,102.1420851,98.7302,100.8706,100.5916174
01/09/2016,93.03605835,101.9030849,98.6287,99.4197,100.991584
01/10/2016,91.82493807,102.1740851,98.7126,98.8029,101.0915757
01/11/2016,92.70575282,103.221086,98.3004,97.7233,102.0914924
01/12/2016,94.24717864,103.254086,98.9063,98.7766,101.4915424
01/01/2017,94.90778971,104.2340869,98.7349,98.7085,100.691609
01/02/2017,96.22901184,103.4870862,98.4178,98.2159,101.3915507
01/03/2017,94.35728048,103.2900861,99.0726,99.2849,101.4915424
01/04/2017,94.57748417,103.3010861,100.0545,97.6618,103.7913507
01/05/2017,94.79768786,104.4860871,100.139,98.8786,102.191484
01/06/2017,95.56840077,104.4920871,100.3148,101.8144,102.9914174
01/07/2017,95.8987063,104.2330869,100.1418,100.2313,102.491459
01/08/2017,95.8987063,104.6390872,99.6878,101.6489,103.7913507
01/09/2017,96.33911368,105.3220878,99.7829,100.2442,102.5914507
01/10/2017,97.10982659,106.4040887,101.0401,100.9073,103.1914007
01/11/2017,97.55023397,107.6150897,101.226,100.7622,103.9913341
01/12/2017,100.5229838,109.3970912,101.3878,101.6421,105.4912091
01/01/2018,97.8805395,105.3620878,101.345,101.6219,101.291559
01/02/2018,97.55023397,106.5570888,101.7068,101.6808,103.7913507
01/03/2018,98.76135425,107.7170898,102.2785,102.4873,104.8912591
01/04/2018,98.98155794,105.3080878,103.434,101.9079,104.2913091
01/05/2018,88.19157721,105.6670881,102.4735,101.3225,104.5912841
01/06/2018,99.20176163,104.5320871,103.2508,104.6121,103.5913674
01/07/2018,98.8714561,104.6260872,103.4588,103.4498,103.7913507
01/08/2018,97.99064134,105.4170878,104.1802,106.134,103.5913674
01/09/2018,95.34819708,105.3070878,104.1665,104.6149,103.2913924
01/10/2018,96.44921552,106.2400885,104.0476,103.5109,105.2912257
01/11/2018,96.44921552,104.5870872,103.9603,103.228,104.0913257
01/12/2018,96.66941921,104.2740869,103.869,103.601,104.3913007
01/01/2019,96.00880815,107.3540895,103.2684,103.1944,102.3914674
01/02/2019,96.22901184,106.6340889,102.8157,102.7222,102.8914257
01/03/2019,95.8987063,106.3140886,102.9,103.0721,102.491459
01/04/2019,96.22901184,106.5110888,102.3826,100.6968,102.6914424
01/05/2019,96.11890999,106.779089,102.5756,101.2748,103.8913424
01/06/2019,95.34819708,106.0680884,102.5928,103.9879,101.3915507
01/07/2019,94.68758602,105.2870877,102.2012,102.1311,101.7915174
01/08/2019,95.56840077,106.0500884,102.9086,104.9676,100.4916257
01/09/2019,95.56840077,105.5350879,102.579,103.0381,102.491459
01/10/2019,97.66033581,105.2000877,101.7775,101.4331,98.29180902
01/11/2019,95.56840077,106.1610885,102.0979,101.5782,97.69185901
01/12/2019,94.79768786,105.0100875,101.7632,101.7663,97.79185068
01/01/2020,95.8987063,105.646088,101.303,101.2873,98.09182568
01/02/2020,96.33911368,105.4010878,101.7038,102.0064,98.39180068
01/03/2020,88.63198459,91.47807623,97.8746,98.0919,96.29197567
01/04/2020,71.2358932,70.18105848,84.959,82.9007,87.09274227
01/05/2020,76.9611891,81.10506759,86.3345,85.2377,78.29347554
01/06/2020,84.44811451,90.18207515,91.7523,93.0916,82.0931589
01/07/2020,92.26534544,97.30108108,95.2439,95.2942,87.39271727
01/08/2020,94.90778971,100.1750835,96.1173,98.3055,89.89250896
01/09/2020,97.44013212,101.951085,96.0711,95.9072,91.99233397
01/10/2020,98.76135425,103.3000861,96.825,96.6676,93.69219232
01/11/2020,99.31186347,102.1600851,97.1183,96.5021,93.99216732
01/12/2020,99.64216901,103.4430862,98.138,98.1483,94.09215899
01/01/2021,100.5229838,103.209086,99.2645,99.5517,96.191984
01/02/2021,98.54115056,103.0740859,96.2231,96.6859,96.09199233
01/03/2021,96.11890999,104.1610868,98.8621,99.2465,97.29189234
01/04/2021,94.57748417,103.8170865,99.0246,97.5567,98.49179235
01/05/2021,95.56840077,101.9390849,99.7785,98.6079,92.59228398
01/06/2021,95.23809524,100.5730838,100.1923,101.3634,98.69177569
01/07/2021,93.91687311,100.9890842,100.8724,100.7714,98.19181735
01/08/2021,93.58656758,101.4000845,100.837,102.5341,95.79201733
01/09/2021,93.1461602,102.7520856,99.8498,99.5366,90.09249229
01/10/2021,92.70575282,103.167086,101.3602,101.0112,92.19231731
01/11/2021,92.92595651,105.4690879,101.961,101.5134,97.09190901
01/12/2021,95.34819708,105.4000878,101.7587,101.6054,96.99191734
01/01/2022,93.58656758,105.0680876,102.146,102.782,94.89209233
01/02/2022,94.24717864,106.2110885,102.8987,103.4034,97.09190901
01/03/2022,94.79768786,104.0420867,103.5717,104.1409,96.69194234
01/04/2022,95.01789155,106.4390887,104.2709,102.098,95.39205066
01/05/2022,95.34819708,106.3740886,104.1646,102.9613,88.69260895
01/06/2022,,107.5690896,103.9464,105.0234,96.491959
01/07/2022,,106.3490886,104.4852,104.2037,97.19190067
01/08/2022,,106.6850889,104.4135,105.7768,99.69169236
01/09/2022,,106.4120887,104.8129,104.4912,98.39180068
01/10/2022,,,104.7474,104.229,
01/11/2022,,,104.5175,104.0514,
